id,lat,lon
_MF6J1HdT,32.87402654098252,32.25002989477041
_MzcToopx,33.102970446570446,32.46661750637755
_MgIeEfts,34.41947937011719,33.74181630660077
_bJVLVAhA,34.554656982421875,33.77090765505421
_yxHW560M,34.75273520259534,33.72453689575195
_2TwPX3IK,34.87288652840307,33.80842208862305
_lYVzPlRM,34.92898197497352,33.79537582397461
_Wjt97FHw,34.93331133309057,33.69678497314453
_TDyhe7PE,34.81502209679555,33.55928421020508
_EhaHf4K2,34.758819580078125,33.6038706253986
_ZpBc4J45,34.614056086136124,33.537254333496094
_Z74cvhxb,32.538482666015625,31.927862548828127
_4sUB0mpM,32.39067465572034,31.82941047512756
_bs3fYMZv,33.6370177188162,14.374980926513672
_0bKYrXD8,33.718204821570446,13.982391357421877
_2kVPBh5d,33.810150146484375,14.089068977200256
_ybB01Ae5,34.3398634053893,14.801788330078123
_KwLOjVJW,34.06897593352754,24.2926025390625
_2QGEudXW,33.90660172801907,24.54998016357422
_ATu9zlaf,33.80534362792969,24.6588134765625
_KzANvTnA,34.79882191803495,27.681713104248047
_NQaSjYGd,34.9095696918035,27.61739730834961
_wjCG1AIG,50.96818309719279,8.138351440429688
_LSpNE9ti,50.93834311275159,7.149429321289063
_ikYRFj4B,50.75363159179688,8.18050900021115
_JfuMrgv3,34.613433837890625,26.243423150510203
_l1f66IZA,34.713445113877114,26.149463653564453
_TjuE1LQU,44.8435844809322,9.092861268578506
_j9uCnoU0,45.444671630859375,8.77408708844866
_20Hlg4Su,45.54913330078125,8.745251167111281
_Yu4raW39,45.68426513671875,8.895241341939787
_TEyfOv5V,34.77484130859375,27.650626046316965
_ClFFLsDO,56.4481201171875,30.468417080965907
_28l2SxDA,56.47526550292969,30.258428400213067
_7ySXVK9D,34.819910081766416,28.09118270874023
_IzSghfH7,34.152583752648304,30.90631484985352
_CipewTbH,40.851823192531775,29.547230113636363
_iPeED0so,41.617514400158896,28.79452727561773
_VsV9eWAR,41.43429565429688,28.72437910600141
_aD3ri4qv,41.20738220214844,28.72747802734375
_g851L6MA,41.1514892578125,28.6925048828125
_x81Yn9D2,41.01219177246094,28.6746826171875
_owbAsw2j,40.49835205078125,28.80309365012429
_0cwaU1aY,40.296222234176376,29.022195989435367
_Je9O7bPV,39.84580993652344,29.411773681640625
_badik8xm,33.44865417480469,30.93546752929688
_XWPB1Gtd,33.80149841308594,-6.172074298469397
_hHT5964z,34.59814453125,25.29545998086735
_hFqM5V62,33.86329650878906,25.38929219148597
_iaxS938l,33.93049621582031,25.27141337492028
_qLz9AEqp,40.930023193359375,6.64324951171875
_LGYEsh0g,40.44020830574682,-3.502266623757123
_GDXzBchJ,40.59718245166843,-3.533852317116498
_LA3WZUny,40.64927673339844,-3.47540283203125
_4NBBlO8e,40.75543212890625,-3.32415771484375
_Tls89CzA,41.03581237792969,-2.2999267578125
_8BZ08mpa,41.21320821471133,-1.830222389914752
_tNzD2rrO,41.32595773470604,-0.6703532825816865
_PKxYHWoO,33.91391042935646,24.542713165283203
_gyXROqzV,34.02268981933594,24.9451866928412
_rGAHevT7,36.36502540717691,1.7871483336103724
_58kcfC7L,35.07445771815413,27.581920623779297
_4M8xCpHB,35.177398681640625,27.52562853754783
_QhpeJomd,55.28865051269531,36.46273444680607
_mpk70cUh,55.10756153171345,37.61094526811079
_XJkUiuRR,55.37974548339844,38.1032517377068
_mUq66M8C,55.51489361261917,37.75872230529785
_b0rk4iUN,55.44699096679688,37.840909090909086
_ERYD4kVb,55.31913757324219,37.95130112591912
_0WEldqwT,55.31620866161281,37.76458740234375
_w4uvoDft,38.99176025390625,25.524583899456523
_8Dvd2JoB,34.76673889160156,28.144898706552933
_9UUSMyFW,35.02070617675781,27.64922472895408
_dhv8RTlC,35.12919616699219,27.589360451211736
_ZoR6boyP,48.53370666503906,21.620248647836537
_8isB6GAJ,48.790283203125,21.66807475842928
_k1af16lu,55.966171006024894,26.081113815307617
_14oaf8Gy,56.21503926939883,29.733295440673828
_2lzmSCw6,33.79545593261719,25.5362623565051
_pJ9sL1qA,33.92051696777344,25.30033656529018
_nkJkV52E,36.66463560977225,5.4192985372340425
_i3BIQWWX,37.00227899066472,4.057239034901495
_bWByfFtO,36.91941833496094,3.5909514731549206
_iOKKNWXv,36.77212472689354,3.348434123587101
_Zgv9r9MB,36.68376857951536,3.150855531083777
_JZ4PPMAM,36.65923555018538,3.0923591776097075
_FIeVKepU,34.62762451171875,25.1491624481824
_I9GJKaYY,33.37669760493909,31.02101851482781
_QuTkYd6Y,33.46221406581038,31.014796665736608
_bSQaumwp,40.34254171080508,29.41202337091619
_JJGWYC0z,40.502029677568856,29.621450250799004
_0KZIFJZd,40.637054443359375,29.8388671875
_Ase9XkkJ,40.80143737792969,29.93096923828125
_nBRdpdUF,40.91487121582031,29.8056640625
_xfx3Zoye,40.98971557617188,29.5595703125
_j0e4hOuD,40.930682683395126,29.396542635830965
_d2O1NT9T,40.84972834182998,29.17781483043324
_pBkfplTq,40.55360412597656,29.32330322265625
_jvNjxiFj,40.1671142578125,29.632080078125
_amkxFU2n,35.19488835738877,27.456951141357425
_8kogcqI4,49.81820316637977,8.879922402871621
_6WeH9c98,34.88154524463718,27.66740798950196
_b7AL1wFI,36.47309875488281,12.048053741455078
_ystv1dLS,36.42521667480469,12.443733215332031
_g51K3ds8,34.100584903005824,24.22119140625
_MFEMIzvE,33.84114074707031,24.62120211854273
_RaHON3Kp,33.751955193988344,24.716720581054688
_dWJNQZ8l,35.07040767346398,27.42525100708008
_9Bx3V8Ah,35.181793212890625,27.35035176179847
_qGBpiAou,51.47788354905985,-0.360260009765625
_igSQRHXS,51.450929803363344,-0.5603790283203125
_6W5lBpKs,51.211511644266416,0.7869720458984375
_h4S6HmA5,34.79183908236229,27.750320434570312
_7Tr2EV6F,35.87645967127913,25.31051311087101
_jP0aemlI,35.975738525390625,25.23977279663086
_tdNetcMn,37.86721956931938,24.326297925866168
_IrTnNYn8,38.0744235798464,24.09027099609375
_ptaVesDI,38.00775146484375,24.023359582779257
_fexiNxAy,37.55030822753906,24.22193161984708
_ApJk9lK6,37.45406845868644,24.30522089419157
_kM726fH4,35.61332702636719,25.28526306152344
_BKJnyxjN,44.44880676269531,9.48519025530134
_RVIfSdUX,44.67237854003906,9.14461408342634
_lQTInq4v,45.47611999511719,8.765324183872767
_YDLK2SDo,45.69158935546875,8.7942207150343
_MCTicNG2,45.70243835449219,8.965982576695884
_oK6oC4R9,35.28743420617055,27.389909460189497
_nqRg1gWf,35.39888026350636,27.324458994763965
_hRdwVgkE,60.565811415850106,1.1895642961774553
_evbVvWEP,44.78292846679688,-11.680624825613847
_bk9r73RZ,44.440338134765625,-11.01470947265625
_kXcWjagj,37.51011657714844,6.300600741771942
_7eljIinJ,34.61224054886123,25.25665283203125
_qdOZETD0,37.08860778808594,33.54330509266955
_3T7QHIb9,36.98982238769531,33.42993553648604
_ftxJpGmh,36.86546196371822,33.171605649201766
_q6n5gBdV,32.895021600238344,30.97309346101722
_ziDbFgXb,33.86531066894531,25.396074567522323
_dTKKQ6nC,37.48460672669491,6.254086701766305
_vM28vXC5,40.59550657110699,-3.535724986683249
_PnVczsc7,40.64652782375529,-3.4794824773615005
_qQZJupP4,40.73497009277344,-3.335205078125
_ZrtlZuBu,34.15407342425847,24.098339080810547
_clSyOCen,33.92262268066406,24.53213438695791
_D6EC53aj,33.5035400390625,24.981207275390627
_QIT7hFZc,32.4752197265625,31.812945556640624
_8v3IeA06,32.55593509997352,31.95037218989158
_womuMLA7,33.81061101363877,34.999752044677734
_8NvsOa7d,33.77558898925781,34.83316226881377
_u15VFx6A,32.92121887207031,32.755627441406254
_r1I4NzvB,33.96894836425781,25.20728909239477
_0l0rvcuC,34.31840515136719,24.075529137436224
_CAmrl0Pf,35.46253967285156,24.942398071289062
_5GSkyI3z,35.53509521484375,24.840087890625
_1KDroSI5,41.4208311953787,13.308914539425873
_pClgEDV5,41.4658006571107,12.97702523164971
_Msrbc744,41.91516940876589,12.454599779705667
_JwN2qkBu,42.060319286281775,12.309669672056687
_9bYKDTug,42.02691650390625,12.141577980735086
_fR5HIXPL,41.91110229492188,12.186209938742898
_gRwX5XAg,41.86349642478813,12.206257664880088
_xqSJSKGS,41.75289916992188,12.19451210715554
_1KJ8BM10,34.73350912837659,26.909751892089844
_9njXe88M,33.87569104210805,25.06067276000977
_zEQBliiC,34.16194075244968,24.605655670166016
_Kzmdnpx9,45.80763477390095,5.291770935058594
_PJMg6ts6,45.61793440479343,5.105690002441406
_Tgmdn5Z1,45.58167021153336,5.028854370117188
_ukehyL05,45.57733154296875,4.8395445288681405
_0NxZoVI2,46.63536071777344,-0.8932420684070053
_eT23XKP2,47.01557224079714,-1.2392718975360708
_1XgE46v9,47.01142909163136,-1.4154756986177972
_3wsepQ8y,46.87495422363281,-1.2638397216796875
_3JvqBt5c,33.93937683105469,24.51554278938137
_UIXAqPII,33.75471496582031,24.713913275271047
_QDFE2PXg,33.96628169690148,24.924087524414062
_VNoytc3m,34.00868225097656,24.804214166135203
_diM4EwrN,40.61054992675781,-3.51934814453125
_DkxnDQk2,40.65914348020392,-3.464938077059685
_JpPiXBn7,40.73488397113347,-3.328108354048311
_WPZlE1hv,40.60118594412076,-3.218245072798311
_hI5G1gQ3,40.37065926244704,-3.0039492520419344
_mcE1drhE,34.133590439618644,24.1461181640625
_fdYUBeyG,34.12078857421875,24.749794006347656
_bZLCbPk9,34.16142867783368,24.613037109375
_pG5JKyqc,37.45420811539989,6.370458188264267
_SuyPGI0b,40.173324326337394,-2.624546397816061
_PWQ5enWL,40.14642333984375,-2.799560546875
_vwB6q4TC,40.316239696438025,-3.377109874378561
_5sj3pP0K,40.541839599609375,-3.556640625
_5BIgFN1R,40.59123229980469,-3.5384521484375
_WQ87WRk9,40.69102478027344,-3.4290771484375
_MIS1auGl,40.69610595703125,-3.258944424715935
_Bkfqk84D,40.252532958984375,-2.5560302734375
_xuzZJg3C,39.99256198689089,-1.9134313409978745
_puBiIlQW,34.07107078422934,24.28853988647461
_ar7UK1bK,33.92061395160222,24.534988403320312
_R6vXtLMb,33.69488525390625,25.7032433334662
_PN2RJDWs,33.75800698490466,25.589618682861328
_orfJWd5I,33.82081604003906,-6.0743183992346985
_wAEoxLLT,33.89258950443591,-5.800609588623047
_jbJT8LH9,35.98393249511719,0.7270431518554688
_tts3PDqR,35.259613037109375,23.226985931396484
_8QB2yZ8E,34.751495361328125,25.16687509964924
_CJBRNnBF,32.89790783898305,32.490664112324616
_C0N29Plp,32.982421875,32.5883056640625
_SSj9YOwJ,33.5086669921875,33.245947265625
_0mjjbmUF,33.699583926443324,33.64591598510742
_lmM9dbgw,33.9087896831965,34.631595611572266
_eQXjdJF9,33.79179382324219,35.21706717354911
_wmTfi28V,33.79298400878906,35.19778504663584
_TG0G6trB,33.66397146451271,34.30686950683594
_1xETi1dM,34.885874602754235,27.68463134765625
_5qYJ6HgP,34.98930358886719,27.628204968510843
_9XHtbeI9,54.991241455078125,14.17559455422794
_qJzdjEVT,55.34605407714844,13.398231057559745
_njVusmuZ,55.469458628509,12.433433532714844
_9oWe1Z87,55.53666687011719,12.517755681818182
_ZonnhkPD,55.561957925052965,12.556772232055664
_CREZFwyb,34.7666015625,28.12197315449617
_lXqCCZPA,32.57560729980469,32.0723876953125
_050IcHDk,32.647430419921875,32.158520507812504
_EHgbEv4s,33.858792579780186,33.63790512084961
_VtvXuViw,33.91842599642479,33.74370574951172
_e86HTrfD,33.79324702893273,35.19052505493164
_K4D9iWUi,33.800262451171875,35.08652044802296
_tcpnkVL4,33.89726257324219,25.337499501753825
_40jY70wF,33.96592712402344,25.21227778220664
_LJdpSFvu,36.48687744140625,12.319679260253906
_479rqSw3,36.47392272949219,12.496376037597656
_BB1kJVsF,35.24876403808594,24.12883758544922
_0pZlR34L,34.52169644630561,26.404438018798828
_OGxo0F1v,33.84906005859375,30.91911471619898
_liNET4dn,33.89103698730469,30.917264977279977
_kAZayfZa,40.796938104144594,29.564208984375
_p1E0StOI,41.192138671875,29.2464599609375
_qf2UZPPj,41.33591991359904,29.24073652787641
_6aZRsUTg,41.60664367675781,28.88012279163708
_HCEHCmCF,41.55308610301907,28.728864802870643
_DryjLnGs,41.422600180415785,28.72458524482195
_BRFUokcj,40.631910421080505,28.879373723810367
_pD6XhgI6,40.17774678893008,29.08243352716619
_AbSR2WuH,39.85565185546875,29.406220809273098
_Ck1P4ukN,35.91519113314354,30.83079236619016
_OmYPgBnq,34.45568537307998,30.574207305908203
_TNWB4Xo3,33.546661376953125,30.82718829719388
_fNwvB3z9,34.127212783037606,25.05706787109375
_LitXZSKt,46.50475453522245,-0.2741775512695312
_FfdCLl3g,33.926758846994176,25.2839469909668
_rAMHzeU8,40.63023376464844,-3.49761962890625
_uE8SPN0n,40.68260192871094,-3.439208984375
_URWenk1T,40.70751125529661,-3.2786074551669344
_iAHviIwM,39.95338439941406,-2.03863525390625
_Wmoj2d4q,39.82003784179688,-1.7005522354789375
_pdxnOOIo,34.08224332130561,24.26319122314453
_zTNKZg6z,33.92509460449219,24.529892279177297
_RJigT6C3,48.94413834911281,2.349990041632401
_WZ8LOOsx,49.032989501953125,2.273183969350961
_EcDTYkC4,49.48873901367188,2.29296232524671
_0oToXZif,50.1416015625,2.001441749366554
_cv8PWfUJ,34.84346008300781,27.568228585379465
_91Xc0gUg,34.94746398925781,27.49743403220664
_9TFhA3Bk,49.36587524414063,3.405057466947115
_kzhTft4u,49.05739994372352,3.190805535567434
_hulJCOi0,49.02072143554688,2.24761962890625
_o3xeLRap,48.90435791015625,2.127685546875
_pA7JMEF5,48.461334228515625,2.613971416766826
_pKhRPqae,34.78373899298199,27.081069946289062
_MArwEwaT,46.18922346729343,14.530311584472656
_AVUzFOH0,46.09034651416843,14.6810302734375
_AeBdQm1V,34.82130432128906,27.59675940688776
_3xN1sDmz,34.92723083496094,27.52602090640944
_VVBtYTqd,48.31344863115731,11.708390085320724
_FXFUH38k,34.776763916015625,27.764188805404977
_1Kg8onib,33.96465236857786,25.2143669128418
_NfMoTNLA,37.171417236328125,6.760214947639628
_I1fpaUu6,38.80962307170286,1.9471435546875
_TUA9E3Ur,40.223052978515625,1.30621337890625
_JulCe234,40.42382191803495,1.4094959605823862
_HK7hQ3GJ,40.77461242675781,1.9833984375
_I1XGLQwe,41.19085693359375,2.29931640625
_PR9AWNKF,41.27700805664063,2.42010498046875
_U99h3Ylc,41.41524492684057,2.5318376408066863
_dZWCT0So,41.32823181152344,2.16949462890625
_9aaobJnm,41.02445983886719,2.07171630859375
_1e0NVxMt,34.76165771484375,27.02978640186544
_Kty68pGq,36.75650024414063,26.520767211914062
_GnzXQIwd,36.86248262049788,26.45567520805028
_TZB6GLWO,60.5540336996822,1.1332593645368303
_3q19W8Ju,45.292236328125,-11.648188999720984
_94TADUMs,44.56431760626324,-10.50071902391386
_aKkLGt8S,37.42909240722656,6.301360434674202
_nvnTALpo,34.51834468518273,25.156288146972656
_lYfoBsXh,36.094024658203125,14.910907745361328
_zMoNQGtz,36.068756103515625,15.08525848388672
_JkR8VyO8,33.95431777178231,24.49911117553711
_C2k9KDIx,33.846588134765625,24.614812111367986
_Zt359Jv0,35.03493486824682,27.570018768310547
_fUdRvkP2,35.14210510253906,27.507075095663264
_AJipXGiG,60.56231999801377,1.1033412388392858
_EWZWMg5L,45.17284845901748,-11.334340165301068
_URAXE125,37.45573425292969,6.2636095412234045
_eCTIR7vK,34.525699938757946,25.12166976928711
_b5yf1PpB,41.0762980832892,28.81651444868608
_MRo9m5Ec,40.590179443359375,28.90814208984375
_c1qgXFaf,33.42697402178231,30.93772421077806
_p7CY4wk5,35.105461508540785,27.45580673217773
_BNg7GP4g,47.62256686970339,17.622774564302883
_qJofWcJ6,47.69928495762712,17.18163123497596
_MfSWLPup,47.93009948730469,16.66351318359375
_KyRBM4PA,48.08395385742188,16.47894287109375
_EQAeOQVS,47.95629986261917,16.507239708533653
_quhqvviu,47.70659365896451,16.671048677884613
_Qhha7R2d,34.866229558395126,28.061599731445312
_hEPMUxo4,34.1019287109375,24.810211804448343
_1UwVn1Mn,37.49573271153336,6.335887079653532
_jwwDKgwS,40.63749668961864,-3.488783402876436
_Xf7N9UA7,40.68965148925781,-3.4310302734375
_Gg3Mut4u,40.6893310546875,-3.26495361328125
_2ocLkp0Y,34.103485107421875,24.214035345583547
_TOZ8Eqbp,33.95787048339844,24.495195661272323
_CQDMcheY,34.949045989472985,27.65178680419922
_WP8X1LtB,35.04762268066406,27.594237035634567
_KI1nvGmr,45.0296630859375,21.3153076171875
_dZg95BgG,47.16993946140095,20.2044912484976
_nWOG3nqw,47.4693603515625,19.62803649902344
_ZFLZ2yJw,47.29252624511719,19.54914093017578
_344kD0rR,47.405214471332094,19.322345440204327
_xiOvgXPn,47.48524475097656,19.159194946289062
_1Lt7Crm3,47.41172790527344,19.04047393798828
_am0habKU,34.96037292480469,27.82590282206633
_dEbGSUoX,33.884490966796875,30.92045998086735
_SVCjGusk,34.141131902145126,30.90734481811523
_yeWCes6i,40.01994323730469,29.84808349609375
_SWvke5OL,40.36839294433594,29.78729248046875
_7wBaP3eD,40.57516479492188,29.8819580078125
_0xdHYjlQ,40.84726107322563,29.70984025435014
_hLYHQXDg,40.944834563691735,29.405156915838067
_MG3gjzD5,41.56733108779131,28.90758425690408
_EI2mdh0Q,41.600006103515625,28.749098344282668
_MVT9QzPi,41.43846130371094,28.724316683682527
_0Qqajasl,36.62892150878906,30.804519653320312
_ON42w4V8,33.76231384277344,30.9250563018176
_sNgo7jNp,33.87579345703125,30.920740244339925
_5tAekeFo,41.55436706542969,28.87319391424005
_ITfq0A4c,41.3998826883607,28.754286655159888
_jt75bM4o,35.5224609375,24.88866806030273
_BCdFPDRE,35.599365234375,24.78830337524414
_Hn4hRerB,41.91111936407574,12.457410235737646
_QsGmTF3B,42.02105712890625,12.365986217151988
_tf8ZUky3,42.05099487304688,12.230342518199574
_E5rCTlrx,41.95404052734375,12.215583268986192
_23X1vdhY,41.909454345703125,12.234774502840908
_UuEeKV8a,41.86944580078125,12.251628528941762
_60Sd3KIG,41.57193975933527,12.197890170784884
_NIeANtms,34.765594482421875,26.777212960379465
_RevwEYLt,35.55110608117055,25.33809580701463
_d7gTGcTu,35.6392822265625,25.25035858154297
_fQQvObtr,46.13466424457097,6.470672607421875
_9G1gYE5K,46.46223449707031,6.5753843726181405
_h6P0ETz3,32.6754346944518,32.15412373445472
_2hLeAIHW,32.73674399165784,32.2591664839764
_fElDvXnt,33.05763244628906,32.955743408203126
_FtHVDvN6,31.996490478515625,34.7818359375
_DkL7UvTa,32.270050048828125,31.46539306640625
_jSBYPW6S,32.13184421345339,31.23295375279018
_0b9SEzY4,34.84638977050781,27.665816326530617
_1H7TnrEo,34.949249267578125,27.606064154177297
_3MMuCaA7,45.77276714777542,19.11957550048828
_KdBvBrEP,51.41157531738281,7.033180030616554
_uqZndntw,51.31616107488082,6.828765869140625
_xn9iflRU,51.24380493164063,6.674342799831082
_RyVMFLvG,51.05145263671875,7.196713009396115
_fbqpcLF0,34.801116943359375,28.093442332987884
_hWrFAFG5,35.25317175913665,27.26637170669881
_UaNdvrWQ,35.35470218981727,27.19478526013963
_eyUg68HD,51.615966796875,0.0571585990287162
_FmeraAIP,51.46526789261122,-0.3351593017578125
_eQfJbc6h,51.43468307236493,-0.5550384521484375
_NLyXyYfW,51.403865490929554,-0.34698486328125
_nBDVrZek,34.84500173795021,27.70099639892578
_gzp97Abf,35.624267578125,25.27399063110352
_bilRsOzP,48.56669280488613,3.667698910361842
_nNZyiRpD,48.67103576660156,3.512667142427884
_CXNkMf7H,48.85638738082627,3.38906539113898
_fwPr7CaX,48.97216279627913,3.34490324321546
_GEEZveiE,49.05262756347656,3.090116060697115
_rxHyTEbY,34.90123684123411,27.51279830932617
_R51s33yA,34.99755342127913,27.445507049560547
_H9Wzv99Q,53.70025634765625,-4.980337960379416
_34ZB46dL,53.40513610839844,-5.975542340959805
_eNGU0SrN,53.35743713378906,-6.200997488839278
_cbESjlX8,34.963197869769594,27.59124755859375
_mQbjKdDu,50.94327764996027,4.717254638671875
_t4fnwreS,50.84669494628906,4.52369483741554
_xjNLGbTf,42.70390319824219,20.486006303267047
_FU1ihjQZ,42.77783203125,20.38700450550426
_tOFijh20,52.45496846861758,10.011213030133929
_6ixJURCp,52.46548461914063,9.551239013671877
_sUpJnKnH,52.34445190429688,9.49615478515625
_RQmzOnj6,51.83833752648305,10.517730712890623
_logvKhzp,34.66676330566406,26.775082957987884
_nvywiZBV,34.89894104003906,27.530000647720023
_20LfnCbX,34.99662237652277,27.46347427368164
_fVNtHKQt,51.238037109375,8.084007469383446
_rq27bap6,51.32615661621094,6.84990135399071
_3k7CA3G7,51.244470628641416,6.676025390625
_ShFkXhCK,34.67261880131091,26.770477294921875
_QdQtQHY6,33.92294156349311,25.18352508544922
_m0JEsGYf,49.0437601380429,2.890127081620065
_AJcGKKOj,49.03007378012447,2.624648244757401
_1ij7LAJv,49.060565495895126,2.5073402806332235
_yRrjXjVG,49.02305603027344,2.8089083158052883
_z9QBdTJ0,33.869034072100106,24.590606689453125
_ngfVrFJ2,34.8617139913268,33.745880126953125
_3zPtkoJP,34.215545654296875,33.584924814652425
_Z4Fwg2RY,33.88092041015625,25.22696358816964
_qmgCIlVy,48.48364361261917,3.822519402754934
_dqLka6yI,48.641510009765625,3.7569016676682687
_5eQ2JWvn,48.97737664691472,3.192251105057565
_oHGHyYHD,49.04676818847656,2.959688626802884
_vtow4RbT,49.06535339355469,2.671367938701923
_ZjUxQteB,45.68566791081832,11.1829833984375
_PzvvT0k4,45.26362609863281,11.564222063337054
_bcpccIBr,33.93186950683594,25.149330606265945
_27jodkSX,49.015869140625,3.0198317307692304
_Xke9qsDP,48.9979248046875,2.6600294846754804
_WobI6yjH,49.09263610839844,2.6516488882211537
_NwsjzEik,48.03094482421875,7.0827484130859375
_OTgcNwTH,50.52731323242188,8.151783190275493
_cEZ1gUJk,50.5594482421875,8.00946687397204
_UCJZWl6p,50.813507080078125,7.226034628378378
_gL8JD8cl,50.91758081468485,7.1244049072265625
_Xww67JNa,50.95477605270127,7.202072143554688
_CY4UTFF8,51.01608534990731,7.451095581054687
_gxSrpcYi,50.89458400920286,7.6731109619140625
_UnnsCKPU,34.754241943359375,26.621834891183035
_Ez3HmQBG,34.9193115234375,27.516884317203445
_Vt3aSh3t,35.015625,27.45130266462053
_jcnaIxq0,52.42182327529131,9.35870361328125
_BV7pucCn,52.47102355957031,9.5501708984375
_loXYq9Kj,34.523511983580505,26.33045196533203
_4RGIVW05,34.61275262347722,26.246280670166016
_LOYt8PnL,48.66860961914063,9.110553448016828
_pfwoXniv,34.704786397643005,26.667137145996097
_psLVt4TD,40.59228515625,-3.53790283203125
_U0tQQCi0,40.63554382324219,-3.49169921875
_6UYVCmnu,40.69396455409163,-3.2686198841441865
_qLLLStKa,40.35529702396716,-3.050329034978688
_B9tvWtGU,39.85807800292969,-1.6156470257303113
_a1ASC5wR,39.62903556177172,-1.15167236328125
_MmubtzpD,39.36168605998411,-0.72283935546875
_ZHLDmSb7,34.78238897808527,26.30653381347656
_Ydp5UJnb,34.650970458984375,26.616678043287628
_pvp3i6cf,40.60972595214844,-3.521240234375
_WAFPydBL,40.65843200683594,-3.46624755859375
_ZaMcIZYC,40.73060116525424,-3.3175589821555604
_WY8YwvgH,39.95137023925781,-2.0594482421875
_PwGx75c1,34.0639017396054,24.304676055908203
_O19iHB7j,34.10810852050781,25.030723104671555
_NrLfpgG0,34.19883728027344,24.93476089166135
_Szyd9LSy,49.37213962360964,3.695598401521381
_wAS2zzD3,50.560089111328125,2.9746206183182564
_ew2knxwM,50.50199890136719,2.941733912417763
_J8ddULEY,50.53845938989672,3.691480481946791
_Nt35WNh3,34.37375343452066,30.22367477416992
_BmeO8R8M,33.39834439552436,30.782121930803573
_TLkAg8oe,32.68809690313824,30.99590690768495
_2lDAw3Mq,33.65483093261719,30.92903604312819
_Mr04c8dh,52.41809909626589,13.780151367187502
_e4GFtByO,52.33094787597656,13.430328369140623
_JlMwk48m,52.29551696777344,13.366470336914062
_sjaC6egp,52.18400573730469,13.308029174804688
_Wx9jj9R0,51.958831787109375,15.335845947265623
_4WURtxom,51.80640269134004,15.653152465820312
_i2i8JaNG,38.23847366591631,27.05108642578125
_pFLVE5tJ,34.90840588585805,27.64852523803711
_cvyW8664,35.01105357024629,27.58838653564453
_hotTYBUr,51.4277933411679,12.120361328125
_0iTL2Guw,51.182373046875,11.652040223817568
_ttfrhlV2,50.98603820800781,11.620194718644424
_zyXTWTgw,42.4993068889036,20.502659997274712
_DaWeekej,34.54171390856727,30.126171112060547
_ImQBL5fO,33.56396484375,30.68828972018495
_3Dsqz8Nm,34.86717224121094,29.581080845424108
_KQGSAqr2,34.95370121325477,29.495086669921875
_556lG9K3,50.1225151449947,8.48827465160473
_VWVYcjo9,50.55633544921875,7.858766254625822
_LqAyXQWW,50.94744873046875,7.177115775443412
_jV6q2XFY,50.90789794921875,7.661776156038852
_m1XlqzAY,34.65572033898305,26.769561767578125
_Cl03KQBy,33.943983174986755,25.13986587524414
_BYOxzPF6,34.119598388671875,24.60343341438137
_KNjzzX4x,39.41927117816472,7.41241455078125
_PgR73hse,40.302506786281775,-3.359194668856534
_b5y3UG7n,33.8446872517214,25.44290542602539
_NxHWyGnL,33.90605163574219,25.32802659638074
_PuGxyDrf,39.6199951171875,7.463836669921875
_4la75POL,39.56684177204714,0.96099853515625
_LMPxw4DE,40.318613860566735,-3.3792946555397725
_u79oHWqv,33.923858642578125,25.28957444794324
_Cnch0cH4,37.26488016419491,1.4164601201596467
_8hCO3mBv,40.60432434082031,-3.526123046875
_8kzqtdJh,40.65015889830508,-3.474800803444623
_Exq7sa6a,40.69345247947563,-3.2681205055930604
_LjIJEO3o,40.45651245117188,-3.03863525390625
_sIwXeMn9,34.08433817200741,24.257125854492188
_iXoeO8qz,33.92801575741525,24.52669143676757
_NtAnhyl3,34.92201232910156,27.07916882573342
_14Nldien,35.00276184082031,26.98802714445153
_GMln8ZEj,47.73252868652344,9.802963256835938
_2QsE25Sy,47.68121337890625,9.344696044921877
_nzHmNZtS,47.57574462890625,9.162391662597656
_xS7oMsS6,47.43342590332031,8.889862060546875
_VenyvgRt,47.52178127482786,8.50292499248798
_w3P770jm,47.53807067871094,8.649673461914062
_NydUOu9r,34.638775324417374,26.723613739013672
_FeyrYqzO,34.92585754394531,27.513072733976404
_7Tmb9Xqv,35.0267882266287,27.44424819946289
_cyOLkDrG,48.370147705078125,12.154188889723557
_r9nObJHX,34.62858038433527,26.73482894897461
_u4ZPBEfu,34.8651123046875,27.67938107860332
_0pRUUobq,34.96568298339844,27.620525749362244
_vHDrx70G,51.107025146484375,14.6573205896326
_yAuKXti7,51.35787187996557,14.5916748046875
_T3DzK6KP,51.55485534667969,14.351559200802363
_oFI8cDwk,52.26063537597656,13.18115234375
_H635qECG,52.31167602539063,13.326644897460938
_ajKLHC04,52.32732223252118,13.39225551060268
_Tr8qyFFm,52.39128112792969,13.899078369140623
_W8GekQzt,52.14523315429688,14.947280883789062
_ntBrlkvK,38.775174415717686,26.49853515625
_yITBYdZX,38.56585693359375,26.710390837296195
_BAmnMRkE,36.90303039550781,27.761399289394948
_ptdyKVOm,34.43929898536811,30.185623168945312
_R49vRWeD,33.49684893074682,30.72623739437181
_4b1BgQpV,34.95075988769531,27.611725476323343
_0DWhByn9,49.47003897974047,11.364762589738175
_HyjnDJzY,35.63841247558594,25.23885726928711
_3nsjHnNu,45.41208040916313,12.71627286585366
_UvZM4W56,45.73599243164063,11.71155976086128
_CooZoFps,49.04590154098252,2.94390226665296
_MCWJqTXu,49.09931945800781,2.5199538010817304
_AsObd8yC,34.53684997558594,26.51365319076849
_ezPAe78T,34.9837646484375,27.678316077407526
_XjRVDQ2u,35.09541320800781,27.64126524633291
_UCXDYbgS,50.69865417480469,7.395877322635135
_uYOI3Kfl,50.81735384666313,7.220458984375
_pktDltFg,45.33080020193326,17.189785096703506
_soekVml3,45.22559214446504,17.3024619497904
_OTHbD7Fy,34.693267822265625,26.75434346101722
_UwYpt4zd,35.0196533203125,27.587062290736608
_AtywmbMD,35.12133582163665,27.527332305908203
_gxl8P8aE,53.50653076171875,9.740949358258929
_WdjxFhRT,53.58679302668167,9.900135713465072
_KKJv0q63,34.69670104980469,26.688257334183675
_ArtMEEGw,33.77779168597722,25.327720642089844
_zTJY9ata,33.87565612792969,25.249384665975764
_8dOKMmaD,48.65492248535156,3.5256958007812496
_IGxRuwCs,49.01382704912606,3.0353345369037825
_p4CS7T0P,48.99879455566406,2.674818772536057
_DauS7VZI,49.01834261619438,2.471201043379934
_sFSFYLkQ,49.06745910644531,2.5648146409254804
_UWooHLto,48.00736766750529,7.0620258037860575
_T8WXE57F,35.1481499106197,27.45220184326172
_OFJynBkz,52.53167724609375,6.019744873046875
_dE1zIRoU,52.23910574185646,4.436357770647322
_2li8VA8E,52.26917848748676,4.6854335239955365
_ZHM4r5uA,52.30998229980469,4.909820556640625
_wanzeAi3,52.26252151747881,5.137834821428572
_WARWanbV,45.94432067871094,15.13078643054497
_Jnir7CEI,34.98619467525159,27.590274810791016
_2CuyKCZx,52.07432556152344,13.275299072265623
_TLF633c8,52.27326965332031,13.181228637695312
_yaxTDKbC,52.32811362056409,13.395786830357144
_n1WfQLKg,52.39256286621094,13.865509033203123
_PEbDxHRX,52.18156717591366,14.819065638950894
_hEbo2ulS,34.7793165303893,28.116588592529297
_w80mAl7k,34.98949988413665,27.53843307495117
_QDFdJc9u,35.09061134467691,27.47468948364257
_YCLOJFiF,56.259962178893005,10.393152236938477
_z5AhxScp,56.3242973715572,10.302085876464844
_gkxvDVeX,56.31950249106197,10.45572280883789
_KqtArmrj,56.31504821777344,10.501930930397728
_eq40nzmJ,34.141830185712394,24.67752456665039
_oF8hihlG,34.17887878417969,24.552649673150512
_dnkBEVah,36.64457702636719,4.474067687988281
_7Jj5Blbp,40.587249755859375,-3.5404052734375
_H7jFx53g,40.639251708984375,-3.48712158203125
_HsfK4c4Q,40.73455810546875,-3.3377838134765625
_h0jui1eK,40.57921328787076,-3.206884210759938
_iv3vzsHh,40.38725280761719,-3.095703125
_axaP43AD,40.11438919326006,-2.7230488170276885
_1OIczxBy,34.049468994140625,24.33656653579401
_BXhUTL71,33.86888122558594,24.590933663504465
_0zwlFHxE,34.70320129394531,26.161025689572703
_lMYwIDQS,34.97036691439354,25.90221405029297
_3mouz15g,42.98908996582031,16.957141964934593
_m2yJK2mI,42.99178301277807,16.254795619419642
_853z1XKJ,43.46012878417969,15.64964117005814
_NJqyodO5,44.28025817871094,15.128696986607142
_TKmAmwDd,45.63912963867188,9.205672101276678
_wFdfIXIa,45.437347412109375,8.926456996372767
_I548VmyJ,45.25543212890625,8.924756731305804
_2mTLyUqh,45.68756103515625,8.83856796636814
_MMCSb6vP,34.793243408203125,27.07961724728954
_ZtBoPIAa,35.308502197265625,24.99246597290039
_TVRPPWRz,35.38477493544756,24.887481040142955
_t6GeKhZv,44.0496826171875,10.89902605329241
_XVCD9eio,45.16044616699219,8.851972307477679
_Ytp6Sedc,44.80256652832031,10.04765101841518
_qUpIYHD1,35.99555969238281,22.85093307495117
_1yDdpTXO,33.89208984375,24.56599021444515
_bar7GIE0,33.79618835449219,24.66873480349171
_7LVjVJFW,34.9273681640625,27.57887859733737
_S6XDQlRe,49.01447878045551,15.75396086040296
_1dRH3Dyf,49.46763610839844,15.470990632709702
_JBF6B6V0,51.42645263671875,12.095130714210304
_JZP0Ej2d,34.72984313964844,26.72530816525829
_Jk7zMe6Z,35.108642578125,27.402368662308675
_U8eOmNl5,35.20472717285156,27.33779595822704
_h2E5W9ib,44.267852783203125,20.8778817313058
_Oz4KoSQ4,44.4805235781912,20.838585830316312
_xK0QKZDq,44.70973205566406,20.553131103515625
_hyRor3MH,44.78224182128906,20.390690394810267
_2Ct7nDjv,44.77532958984375,20.37466866629464
_ScydHqmA,44.00161743164063,20.436103288517444
_0ni5uWSQ,43.09336853027344,21.604422635810323
_4r3iRyXL,35.35679626464844,29.27541732788086
_OtRrDwqh,34.78867353019068,29.707489013671875
_kFK9QoQv,33.913398354740465,-6.069602966308594
_rzhnAOoR,34.06475830078125,24.296544911910075
_2Uivj3BJ,33.799530029296875,24.665427694515305
_ZJ0t88EA,33.60227966308594,24.87624187858737
_RHXgmOWa,34.98135324251854,34.19889450073242
_mPTHmvqK,34.86217951370498,34.1502571105957
_n9g6eAbC,31.104995727539062,33.244251924402576
_1IlBAku1,32.53399658203125,33.223974609375
_HSW7NgPX,32.650529247219275,33.25023417570153
_e7oMUVge,36.78585763704979,34.20920514045878
_vCJ5BWxs,37.17447571835275,34.55928636633831
_8RhkghAB,35.105368404065146,27.608871459960938
_N8kVtROw,35.21250915527344,27.549394880022323
_1Eb3ykVP,50.700088759600106,21.853103637695312
_ryQXJ33k,31.933319091796875,33.11422119140625
_5jxhYXLc,31.25903630660752,33.21073608398438
_HzAUVIHO,30.799984689486227,33.498852539062504
_Ei2mXF1V,35.16993635791843,27.32477188110352
_3N4uQp7Y,35.26853399761652,27.255326940658247
_4OhTNe0P,54.52160851430085,23.338123668323863
_uN90SSls,59.19396351959745,29.320331441945044
_sO7eJx3X,59.6693115234375,29.673248291015625
_sn7avncv,59.65576171875,29.477644295528016
_K5UxRKkn,42.403269622285485,25.79053302143896
_TPsQfs5e,41.73259153204449,26.699460051780527
_dYnvAl2x,40.8335747153072,27.48779296875
_PzzZ6fO7,33.51873779296875,30.909869384765624
_9yK7sMcN,35.47233581542969,24.8591423034668
_rAb4KJCj,44.795682228217686,8.963838902915397
_3pdtNQQp,44.85820188360699,8.764812190358233
_1QrdIwbE,45.08695958024365,8.877489043445122
_Xa0Ql60W,45.397276797537074,8.790201326695884
_0Wcg5iCA,45.49003601074219,8.7615966796875
_tHaCs2bQ,33.84883040088718,24.612693786621097
_uy6DQykH,35.133636474609375,27.37624810666454
_hTpVSu3m,35.23226980435646,27.30856388173205
_7i5qm1mU,47.84313137248411,14.537517841045672
_iEy2RIoK,48.063812255859375,14.422714233398438
_rkgJTUGz,48.66598872815148,14.370406301398026
_ZFebywOD,49.445785263837394,14.516725282411318
_xS9Wyxrg,49.62940979003906,14.655472604851973
_92AdsBj5,49.81100463867188,14.656701338918584
_5C5SggqF,49.9691162109375,14.684022602282072
_2qan2gR9,50.183917546676376,14.54716038059544
_cTSZHvLJ,50.159912109375,14.420639841180098
_CsPaWeti,33.72220831402277,30.598125457763672
_sYYBTAn6,41.0599365234375,28.81591796875
_de0wm6s8,40.61063604839777,28.894292658025567
_ohGUTRJ2,40.16038513183594,29.09649658203125
_00CFVptW,39.84587588552701,29.410400390625
_qy45tQoy,35.96965725139036,30.82851328748338
_y30kUdMv,35.7396240234375,30.73659896850586
_jFwNIlLM,35.19255065917969,30.16632702885842
_xmPhUXs5,34.61558532714844,28.03329779177296
_oQzcgZ4q,32.93952553959216,15.476485271843112
_p3kqIVW2,34.6234130859375,23.82871627807617
_GrgDiVGz,34.62245178222656,23.985732720822703
_G6VChosB,36.243896484375,30.817794799804688
_KxDq1Uwf,40.60947224245233,28.895104148171164
_jgz3yOjV,40.15887451171875,29.09820556640625
_uvdFxf1z,39.85621048232256,29.40576171875
_E3AXpQKG,34.57672119140625,26.5341684769611
_qXimjUn5,32.955780029296875,15.942864990234376
_kONBgkDp,32.958709716796875,16.027075195312502
_3RqEXZ7d,32.96415167339777,16.194296077806122
_heo9me5G,34.60390769829184,26.36117935180664
_BffFjM7s,35.962953729144594,30.715377482962104
_0f6h7dVU,36.18479919433594,30.819225311279297
_ldevx7sz,39.98533630371094,29.855224609375
_xHQas52t,40.44900667869438,29.85054016113281
_XLYfZnL5,40.6585693359375,29.85498046875
_6PePB38b,40.83711268538136,29.72438465465199
_mNH3oQId,41.20005798339844,29.14703369140625
_3qlEGHss,41.40573120117188,29.319950450550422
_VM4OtGEY,41.57817077636719,29.20059897682884
_Bg0aIi3n,41.57938811738613,28.803916753724565
_ihnGliUL,34.39892578125,16.80381307796556
_dToVC3nb,34.51201358083951,16.553363800048828
_2Lnz6kFk,35.62680001986229,13.700710864777262
_bnJUGiUm,35.55822857355668,13.847448470744682
_oDoGRSUB,34.30741649563029,-7.002925872802734
_aVGpnNKP,34.40685207560911,-6.917324066162109
_xeft1OOv,35.88267517089844,-5.549583435058594
_4TatGANJ,41.619888564287606,11.524147211119187
_B7IBwigE,41.94640596034163,11.791779274164243
_zoJK281Q,42.08418273925781,11.959117542613637
_cKBYnCJG,42.02993774414063,12.13933077725497
_nZayRYu0,41.86715698242188,12.204437255859377
_Stv0xej8,41.78882663532839,12.159821266351743
_Vv7ZR48b,34.9801025390625,-6.753508898676671
_3H4VfDQG,35.09126307600636,-6.68701171875
_akjBKljF,37.17419640492584,-5.10965761931044
_5qs3mmOD,45.98309326171875,6.134993390339178
_jT0Vl4FX,46.42975888009799,6.526290893554688
_6TVBivvi,46.4329244322696,6.395965576171875
_4YxH0YFa,34.27235412597656,-6.299313915019133
_Fp9wIgp3,34.940852795617054,-6.803741455078125
_jPIhozU0,35.05858340505826,-6.729927062988281
_kL1gE1jZ,40.11442565917969,-4.21044921875
_dYOcBwWc,41.00161743164063,-3.5159912109375
_3Jn2RNUr,42.0070169739804,-3.0544547147528647
_cir94kIm,44.04048156738281,-1.6636622229287354
_GduPxkOz,50.45201110839844,3.3632619757401314
_VPkswUc8,50.764892578125,3.768384778821791
_MnhZsKFt,51.00989390227754,4.514694213867188
_2TGNOMQ5,51.0385700807733,4.7438812255859375
_5530XSya,50.95463562011719,4.76947681323902
_wb17kUrd,50.88034057617188,4.368846996410473
_8xO0E6f3,50.52337646484375,3.798739784642269
_H5JSDHci,33.81129455566406,-7.278330277423436
_JUWumBW0,34.2879638671875,-7.119925362723222
_UJkJndFg,34.858245849609375,-6.8570942781409485
_nVc59FaE,36.86820854574947,-5.859773055366816
_KMIesZog,48.891448974609375,2.021132249098557
_g8VF1n7o,48.92235190181409,3.065763774671052
_gdjzZ4jC,48.984033616922666,3.18285490337171
_EbM1eueL,49.01829606395656,3.0470436497738485
_dJbGL8lm,48.99847412109375,2.670452411358173
_oQ2eQ5Gf,33.856139102224574,-7.149295806884766
_FSmOy3cO,33.97554016113281,-7.095598493303555
_IQqAb9Gn,36.31763522907839,-5.9618361452792215
_g4mbxpmm,36.99138576701536,-5.837979524031937
_mDuamJAa,47.9532274149232,1.3682204026442306
_TCdLdtl5,48.55229187011719,1.975567157451923
_yano5i6Y,48.60370183395127,2.4910053453947367
_GmBRbkM1,48.722922115002646,2.740510639391448
_Cv0QfWFm,48.76432800292969,2.603759765625
_hHnOZETW,48.739913681806144,2.470478258634868
_TG3haN2c,48.93506066273834,2.2457644813939144
_ydQJSOEM,34.83322402178231,-6.872577667236328
_5kWVlM3o,34.93759413896981,-6.808261871337891
_7VxLBcSm,39.6470947265625,6.338155995244565
_VUnW8Owa,39.14213562011719,7.183924135954483
_Khd2YKlw,39.15210788532839,7.05401611328125
_HNOHBRTe,48.69744873046875,2.264451246995192
_A7d8twDo,48.60855102539063,2.140995905949519
_Cf4zGo9T,35.02115540585275,-6.757564544677734
_dVkfeKjQ,51.32109561208951,3.654556274414064
_q1GRJNao,51.70903015136719,3.5332922033361487
_RFSTOl7d,51.91767883300781,4.1278076171875
_rZgzm4jE,52.03852844238281,4.200286865234375
_i4j9hLTr,52.18634033203125,4.294586181640625
_yl9fQflT,52.14088052006091,4.419328962053572
_jhJuOzoJ,52.20353983216366,4.5151454380580365
_HCk86Wof,52.26885262182204,4.6845703125
_QVk3haeT,52.38926696777344,4.715499877929688
_BrYaVwNB,52.37396757481461,4.822056361607143
_pUkfRai5,34.290285272113344,-6.393814086914063
_rWt7Vie0,34.134429931640625,-7.162861726721939
_cINX3H2V,34.23783874511719,-7.1078179807079085
_XVo1iRMA,49.67390441894531,-1.6838716205797937
_tLNEc3yo,50.16398620605469,-1.4079846833881788
_xJ2Z7Qcu,50.57244873046875,-0.9896368729441178
_tsIMI2yo,50.92726135253906,-0.0653241131756772
_35YCEbwT,51.01835632324219,-0.1935226852829146
_PJA6Ogjz,51.1361435712394,0.1729583740234375
_27TL8l84,51.18145751953125,0.0581236143369932
_qS2sgDNY,51.163421630859375,-0.079725110853019
_tkBS2wU6,51.12590207891949,-0.35430908203125
_Qmzoa6Ek,34.15835623013771,-7.079257965087891
_MlHYV5FR,34.25611592955509,-6.998805999755859
_Tb7QmurD,35.8857421875,-5.537967681884766
_xlHjaByQ,36.21126336566472,-4.815225804105694
_zKRhfEhf,39.61427850238347,-0.1927490234375
_UaQb7EQR,41.65301513671875,4.154018055308949
_FU6G6SYk,41.77639718783104,4.4818470089934594
_bagYUg0d,44.38811738612288,10.638651033727134
_64hJ2BQ6,44.416374594478285,10.866684332126525
_RhhaDsPY,44.422426385394594,11.589571324790397
_2PyCyhzi,34.23958988512977,-6.427001953125
_ON6OAShI,34.739044189453125,-7.034725267059969
_T3yWYbnR,34.85284423828125,-6.948179906728285
_IXf5plgY,35.50771939552436,-6.451896505152888
_La3gshws,42.183915477688025,-3.0886911791424154
_SdA8Fx4X,46.39060844809322,-2.18133544921875
_5TYUi3mK,47.27291301145392,-1.474632850060096
_cu2GmhXN,47.10285768670551,-1.7262620192307736
_ubmrrvup,47.07199355303231,-1.8080960787260096
_JaBav3rM,42.06381070411811,-6.418698333030524
_5MGQSwz8,41.12841796875,-7.0126953125
_OtADfHvq,40.870304430945446,-7.112586281516315
_jtX5hGwS,34.70988464355469,-6.982203892299108
_76amS3U4,34.808830649165785,-6.917610168457031
_MiZmokHO,39.23827607752913,-4.68890380859375
_G874Zqkr,40.06544494628906,-3.60003662109375
_oNS306a8,40.33094787597656,-3.41943359375
_Ukng4G7s,40.54988537804555,-3.5737401788884995
_tEBkCq0B,40.584892660884535,-3.617435802112937
_a3R9w9Im,40.61155700683594,-3.78338623046875
_fUSVICNh,40.4393703654661,-3.670120239257813
_vFcmaNTd,39.97841010659428,-3.740095658735811
_aiszNnjn,39.639975337658896,-3.9332275390625
_Cxnd8dIM,34.135871499271715,-7.145347595214844
_wd8cLw4d,34.23170471191406,-7.06381661551336
_4WpTMORB,39.1563720703125,1.283012058423913
_O25sG25n,39.29558188228284,1.56805419921875
_H6MFeWJ0,34.64897026449947,25.09815216064453
_GBTbEGP0,35.15739440917969,-6.67234459701848
_7XwyRywF,35.268035888671875,-6.603298187255859
_FWlZN2oc,47.297771906448624,0.4600172776442307
_eFGsHKUL,47.72859191894531,0.6304092407226562
_20TctWNq,48.08491516113281,0.9304046630859376
_5TbQ8p0t,48.35325079449152,1.0109590229235197
_qX2clbYJ,48.89111535023834,2.017364501953125
_SYJZlHc7,48.92272431971663,3.0632340280633223
_nE760JZM,48.981612900556144,3.225426924856085
_o9wrtaYT,49.01953125,3.073214017427884
_DJMofhfF,48.99720790022511,2.645970394736842
_4VLxtbqy,48.90726897676112,2.221478913959704
_DvccQ5V3,34.21604919433594,-6.450151715959821
_4X8ZbNxO,34.03541564941406,-7.151763293207921
_fvKVDCra,34.12884521484375,-7.076596629862877
_Jr9XDMNk,38.67127990722656,1.0856164020040762
_kykvsxkT,39.16095281051377,2.1011962890625
_dtb70QWo,39.552364026085804,5.32635498046875
_AqUjRejY,35.51976013183594,21.839675903320312
_QDyTTJRj,32.75247864804025,33.71468680245536
_dzL9Q9OM,32.26828882249735,34.39494230309311
_pljCtRNU,34.032106561175844,-7.17315673828125
_4IqEkMlj,34.13801290221134,-7.096881866455078
_oHrmBmgU,36.20896911621094,-4.818134307861328
_cIgg5YZR,40.58042907714844,0.376708984375
_q6wUuBvI,40.92745971679688,2.08868408203125
_68hht6ui,41.05935306872352,2.192271839488636
_ncX4JJVs,41.35570461467161,2.399139404296875
_Vjb5tYZV,41.36445643538136,2.275543212890625
_dmPgUZdn,41.33120727539063,2.17816162109375
_1QlPOYw6,41.24039472159693,2.052071311257102
_eFTTipHx,34.729505635924255,-6.936206817626953
_FJIl3g3c,35.97381591796875,-5.305023193359375
_Uz59fSdM,41.21470642089844,1.98358154296875
_efaXsX1q,41.3397216796875,2.29052734375
_sVPmjDYT,43.99940620034428,7.895769391741071
_VrW1XIur,45.00633110434322,7.637373761432928
_olUGX7Zi,45.28057033732786,7.703023770960367
_3k1JQdRc,45.147308349609375,7.753404889787946
_DMPGQHlK,34.82949984275688,-1.9775390625
_UmTgXypR,34.86415100097656,-2.023053850446445
_iMFWePCr,35.75263071868379,-3.0037088597074444
_23QW671Z,38.909617278535485,-3.54791259765625
_98qDnaak,48.30601501464844,1.6369628906249998
_2wAIsPWg,48.5454649844412,1.9139340049342104
_AZ9U5HPL,48.63345336914063,2.790738619290865
_WGuYbcRm,48.772979736328125,2.650733360877404
_KKKBMdIU,48.73947143554688,2.467487041766826
_9SbHTPJr,48.71393753310381,2.30185257761102
_WTrHHvFH,48.6884765625,2.2431828425480766
_T0qiKg01,35.990570068359375,-2.6099395751953125
_86skB7Du,35.078704833984375,-2.327419981664548
_BIFjO47L,35.02665710449219,-2.2567375338807096
_wdtS8aHk,34.85794326006356,-7.065582275390625
_Ud9iqfkj,34.9500732421875,-6.99644127670598
_eHEdrNfa,47.61381504899365,1.3486422025240383
_lvngREcm,47.80467224121094,1.37164306640625
_jtSKpP1H,47.97454833984375,1.4800643920898438
_FL5DCDsu,48.54693603515625,1.9130295973557687
_a4W5mZW6,48.69776916503906,2.826796311598557
_IV6EHVHA,48.7781982421875,2.6789034329927883
_Ygs9nSPC,48.71533410023834,2.304671438116776
_ha7ngh8Q,48.69117348881091,2.2503180252878288
_mgeCgSow,34.7539455607786,-7.104320526123047
_6lyaC2Mj,34.84793452893273,-7.030506134033203
_y4vDGYLK,48.153076171875,1.5380859375
_E3Om1iGy,48.30511578058792,1.8978881835937496
_LDJOwSHG,48.63752746582031,2.839261568509615
_UFZcKZOX,48.74217224121094,2.7943303034855766
_Yxbqa7Fy,48.77622985839844,2.6684100811298075
_iK69DhQR,48.7401123046875,2.4710787259615383
_HXrIlsLd,48.699005126953125,2.266211876502404
_wStcBjAf,48.434600830078125,2.0895150991586537
_XYZvPv76,46.081146240234375,1.132462664348323
_Jx3Qm2kT,34.2015380859375,-7.081080845424083
_IdeSj9Ez,34.303070068359375,-6.995039959343103
_kne1kXQH,39.65171813964844,6.108637270720108
_PQVGIy4j,33.8015333272643,24.66344833374023
_XcMN6Khk,33.01423645019531,31.575970458984376
_d4JW6vwd,33.08528059619968,31.480426399075256
_UwbsrPSM,40.33015881554555,7.718956687233665
_r5w7Rkxh,34.2242431640625,-7.24822998046875
_X7HniwLb,48.46307373046875,1.890845665564904
_9M0ceziX,48.738372802734375,2.7578500600961537
_Hck5NHSt,48.76995849609375,2.634253868689904
_TpxRXuKU,33.97563171386719,-7.306468730070151
_R5DWAfMp,34.08229064941406,-7.246548399633298
_sc6eaN1Q,34.50984191894531,-6.957708864795904
_21eLAXRe,34.821624755859375,-6.699922522720044
_d8dIwvzW,37.46612548828125,-4.8570914890455015
_XgKvkBR7,47.98475646972656,8.760910034179688
_fdORPYXP,49.66765322927701,9.285303064294764
_ewDm7kat,49.93638610839844,9.254535875822368
_95SmyECm,49.60424908136917,8.502675649282095
_hylaZmw0,34.37179824053231,-6.990852355957031
_i4YYPPIw,34.57620911679025,-6.809120178222656
_AMXlq5r6,35.86412332825741,-5.590580067736028
_WgSbQKrL,36.05328369140625,-5.164203643798828
_ZqVKgagP,41.51046752929688,6.905032071200284
_QONgrtbb,43.21528030654131,8.762708391462054
_1A17pJat,43.44040692862818,8.867863246372767
_F8DkaELx,45.6955369852357,8.558212280273438
_elQfT3WX,43.695098876953125,6.860642544058867
_QvZqPswI,34.14573669433594,-6.797958685427261
_rptf6MDM,34.26095736228813,-6.7604827880859375
_DYZHNG04,36.09782409667969,-6.099414825439453
_Zik8HHJ3,47.49408269332627,1.1839177058293269
_b57lJAHY,47.98041392180879,1.327232947716346
_czJIWkeT,48.54890441894531,1.9340867262620192
_8fMFTjdU,48.59159825211864,2.4228467439350325
_m2aK99Yu,48.73750305175781,2.744046724759615
_okz2YztH,48.76039666644597,2.581931666324013
_fwmgUkCw,48.73721365201271,2.45501066509046
_wQVGXiRl,48.69410627979343,2.256317138671875
_35WJcdIb,34.11012811175847,-7.225513458251953
_ZPdps6at,34.21723937988281,-7.165552256058675
_5wUtcP8Z,36.321918034957626,-5.960959576545861
_id5tMmXd,36.547370522709215,-5.880607442652888
_QIwLyqtK,48.55212195444915,1.9831045050370064
_ocSgSIMd,48.65644551939883,2.758724814967105
_x3w0xkrr,48.744049072265625,2.850388746995192
_xIbc3nrR,48.780786546610166,2.698805959601151
_8VDquJqQ,48.7073736675715,2.286312705592105
_BQaiIybS,48.67936706542969,2.2224074143629804
_L4gE9anv,48.55961608886719,2.099445049579326
_VnL3Ibiw,37.41426086425781,-4.037709337599722
_L0hwqGzc,34.6673583984375,-6.188735961914063
_IPphe99a,33.97123718261719,-7.176482531489159
_owBFTkEw,34.273773193359375,-6.965163873166432
_LVWWhkd7,36.53480141849841,-4.589480136303166
_Fs8Ludfg,41.03938215869968,26.702083240855824
_7iYfZF99,41.12113952636719,27.62493896484375
_lYukmzGi,41.1641887082892,28.09584877707741
_yJLgv6qD,41.551875744835804,28.468642123909888
_laTVdUqg,41.029541015625,28.55908203125
_OoLhxH49,40.79698465638241,27.54303672096946
_iul9yBbb,40.91908264160156,26.8616943359375
_26Pz2Wsj,34.199415303893005,-6.462078094482422
_xdncMjUC,35.053416106660485,-6.700687408447266
_QBMwnaE1,35.11912536621094,-6.662199059311206
_boU3qx8R,36.1131591796875,-6.052780151367188
_fojRCiKo,36.53594970703125,-5.309371948242188
_VYTQxJls,36.46087646484375,-4.524421691894531
_FAt9QmHn,36.51888055316472,-4.391726230053166
_Rjh34bkl,36.61033630371094,-4.409236907958984
_t10UtXOJ,36.62965393066406,-4.435672760009766
_fpePTNQd,36.70155153436176,-4.6417236328125
_zcga5CNf,36.65555792339777,-4.662819720329082
_OJvazlF9,34.16282524496822,-7.136421203613281
_68Zf8Ikh,34.26759338378906,-7.081249003507651
_a4EFEL8v,36.12807451668432,-6.048032070728027
_gDwHd6ab,36.32322149761652,-5.8709651865857495
_qAKEd8Rb,36.60705049159163,-5.579184674202111
_6oFsuyLd,48.00750732421875,8.80547156700721
_hLw7dOnY,48.23941040039063,8.936955378605768
_u2KknExN,34.63893127441406,-6.214506188217475
_chLRhcOh,34.33162365929555,-6.632080078125
_T7RvLSNi,34.193115234375,-6.661078005420919
_YrtGiw03,36.01332325046345,-7.950770601313138
_t1y7BmD2,36.0550340555482,-7.969061668882944
_EgCyqNaR,37.8243449582892,-8.776464047639251
_p1a10waq,38.606231689453125,-9.2296500827955
_kxzH8PWV,38.71742248535156,-9.170061194378375
_4H6tBfIU,38.841796875,-9.082110861073376
_LQpewYWQ,36.14622988943326,-7.973035447140944
_ufWmexdG,36.07241821289063,-7.964115142822266
_haAIXxNl,33.97906494140625,-5.56418282645086
_l5okYf70,33.99842834472656,-5.477357202646658
_ArntKoh3,34.63421630859375,-2.137177136479579
_0uGyPOgK,34.73748779296875,-1.851252341757004
_7Bqimr9F,48.70875549316406,2.290297288161057
_RpgZwQVn,48.68060613082627,2.2235749897203947
_rbC9SNTa,47.85186767578125,1.9870834350585933
_JCne4DGQ,46.68966002383474,1.3858566284179688
_xjl8YcdV,37.77108919822563,-3.8401396378226895
_93Ovbast,34.58188848980402,-6.074466705322266
_fHSTXkBb,34.45317077636719,-6.942910953443857
_FO8GLYQW,34.526258565611755,-6.978607177734375
_HnO3DGnx,35.068871449616,-6.7256927490234375
_BPimxM3Y,35.78754489704714,-6.578998971492695
_i0Eo9pCi,48.28916931152344,1.6187227689302883
_VDXej0rm,48.45634460449219,1.790489783653846
_F5YhcHbi,48.555194402145126,2.02654386821546
_kP1sVrLB,48.58968961036811,2.4178595291940788
_7HD7nyWU,48.65979728052172,2.763784308182565
_q02xQpet,48.74739074707031,2.8482759915865383
_4cOXfZev,48.77925109863281,2.692777193509615
_ys5Hn2vo,34.232391357421875,-7.242904974489796
_a1gjy58j,34.79228210449219,-6.8972840601084044
_Nq70kWsg,36.07095336914063,-6.099357604980469
_ospoVLTm,47.880889892578125,1.3912124633789062
_D6WuZxxX,48.16777038574219,1.5490722656249998
_nz7MzULO,48.402177196438025,2.187508030941612
_p83CxiQv,48.65350341796875,2.6184786283052883
_EIW7AW8W,48.76139831542969,2.683551494891826
_KQpQUCuP,48.75384521484375,2.546011117788461
_yo6CvULV,48.6976318359375,2.2654371995192304
_iJomgnUr,48.22979736328125,2.0054274338942304
_0lL6mlTI,41.184066513837394,-2.6175550981001265
_tFD0IDcA,48.69378662109375,2.255295973557692
_pmCYXSZz,47.23892987784693,1.6154127854567306
_Ubh6o7V6,35.96873474121094,-6.009578704833984
_f7ZcI3ID,36.04488566770392,-6.0002882937167215
_Iz3JSa0Z,40.95298120530985,-3.790220780806124
_MeY2qxLu,41.64414228019068,-3.5529912904250978
_EeYmd1zH,49.689532781051376,-1.6748211834881772
_N6VHxtYZ,50.549492270259535,-1.1934270085515095
_cItAepea,50.88693237304688,-0.1149852855785411
_fHeJUmFh,51.14735412597656,0.190479175464527
_UFLLFR3V,51.1764112569518,0.036773681640625
_y7SBILHI,51.16387939453125,-0.0761619774070823
_cLQGFQlj,51.129180908203125,-0.3297383076435949
_hx8yzgqL,36.17741988877118,-5.971712153008639
_A4r3fF9T,36.09480285644531,-5.967578887939453
_133ZAu1P,35.993408203125,-6.014728546142578
_7vqnqs6y,36.17362976074219,-6.009979248046875
_6KlEmAI2,50.99788342492055,4.7016143798828125
_4uTHrWy2,50.93918105303231,4.59503173828125
_yxQ4qMkZ,50.87712692002118,4.361724853515625
_Vrd1FGl2,50.731842041015625,4.176808950063345
_aybcDAtK,36.02032470703125,-5.8756256103515625
_dqXA1iZl,35.69883728027344,-5.642681121826172
_suvXWTEH,35.715528585143005,-5.749706511801833
_LqbgpoxD,35.72311659990731,-5.829357390708083
_Laife6CS,34.55446922172934,-2.822456359863281
_1HX7Lilg,34.53933974443856,-2.450180053710937
_Xzbmm63s,34.47198486328125,-2.2890238859215564
_r1HQEOnj,34.467498779296875,-2.196817203443877
_wMjpWsWx,34.71256062135858,-2.26318359375
_IFWFw3Zl,34.69356730832892,-2.32137680053711
_Rt5q07x9,33.9166259765625,-5.568274673150484
_zzXgC2VV,34.55772399902344,-4.070322464923436
_YlSsQt9u,34.59585416114936,-3.9789962768554688
_6PFf8NM9,35.63350354210805,-5.961076452376972
_TkXfPJOT,35.57345115532309,-5.949681058843055
_342d8lST,35.28254699707031,-5.924320220947266
_DUF0pCNY,34.29177494372352,-6.373043060302734
_6qKzVUfS,34.979444600768005,-8.074378967285156
_GQzF6XCa,35.21846008300781,-8.134254922672199
_AizrNaw8,38.46248303429555,-8.99505615234375
_mOmmYl5l,38.60343933105469,-9.231560748556376
_c30GEWlp,38.81972490730932,-9.10235595703125
_X59OCWz1,38.76347351074219,-9.012670102326751
_nqkKUfRh,34.55717468261719,-7.767894511320151
_zlbpf7tV,33.62049865722656,-5.813337053571445
_KJUqFV7U,33.89603437003443,-5.503120422363281
_uZwocjnM,42.16948428396451,4.52285411746003
_ZAZtn79j,42.34762573242188,4.7309251265092325
_m93xws56,43.48407292770127,5.140162876674107
_BT8Tl09S,43.21895793332892,5.021340506417411
_bUxwfhKt,33.51961297503972,-6.221793038504464
_irXP8tDq,34.43980407714844,-6.789999202806087
_aWtoVn0d,34.55847271418168,-6.752185821533203
_drVNJtmj,35.77386474609375,-5.818862915039063
_czR92rLN,42.13517761230469,4.481173428622159
_FpBuRAPk,42.33209125066208,4.675065861191861
_MVelJ7tO,43.474296957759535,5.161481584821429
_B2kFYtdR,43.46177440578654,5.111585344587054
_7TUSqJu3,43.326690673828125,5.049814623455669
_g1t4hOV5,34.72559524794756,-6.1065673828125
_1GrNXBvV,34.83251953125,-6.860233229033781
_dN9k2g9E,34.944305419921875,-6.791680783641596
_4kEwolYb,41.61588507183527,-1.721212697583553
_0CPjraRF,45.40786743164063,5.219355991908482
_ujlbGLEs,45.78465270996094,5.275447194169208
_OXPLaA7B,45.66183471679688,5.067778796684451
_Vslbf2GO,45.61834716796875,5.014320931783537
_0uFx8Wq4,45.57582092285156,4.850798816215701
_0C9jn4nv,34.19853081137447,-7.263622283935547
_yqaRste1,34.95973205566406,-6.792521574059322
_zHlWQnZO,35.62675346762447,-6.357227081948111
_5PyP4n4U,45.399744066141416,4.899366425304878
_fTmIFARg,45.797149658203125,4.953561178067836
_yt8xs6f4,45.63798522949219,5.103685332507623
_ytPlPe87,45.58818752482786,5.065864562988281
_gJlgX8T4,40.598579018802965,17.664642333984375
_zsVWRnDr,40.600982666015625,17.382080078125
_codETL2h,34.43431789592161,-6.9156646728515625
_apzCBs5E,34.531565520722985,-6.830577850341797
_Dp84IklO,40.191192626953125,4.904541015625
_lqaO71Kq,41.92205913996292,7.586889932321948
_GQAfBtA8,43.29441911083157,8.7908935546875
_4ONdAKlp,44.11820983886719,8.557710869367734
_DNXzWEDd,44.69964496159957,7.797881335746951
_DoBogjg6,44.66975842492055,7.733370152915397
_sBCqBOcy,44.51362609863281,7.844892229352678
_QItMNpwk,44.49039265260858,7.938559927591464
_7VJRhNRr,44.39109672934322,7.9676335032393295
_Rad6fl28,44.25744525456832,7.746634134432165
_uYOLsUwi,34.24919128417969,-6.4216208944515305
_YMbj1sla,33.910491943359375,-6.124317402742349
_hiouqFuw,33.95748332395392,-5.978450775146484
_1ksOR0ag,34.1826564982786,-5.6142425537109375
_AwmNdpIc,35.6205620199947,-3.5717253989361666
_8dRycDT6,39.06976318359375,2.0311571204144023
_NW2A3St2,39.38983154296875,3.775356126868207
_G4H3DLTq,39.37351032838983,5.06195068359375
_ovVYdhf0,39.45854187011719,5.967665962550951
_NUJfD7x6,37.62428283691406,14.27129867229056
_Orsh5a8X,37.53497314453125,14.34931328956117
_skxv7WFj,34.501399670617054,-6.7311859130859375
_CgvUyXNt,34.59452819824219,-6.670887226961099
_yiva9TEo,35.76214599609375,-5.8486175537109375
_SJh4W6gZ,35.8963623046875,-5.540142059326172
_zcgXQSRG,39.01780700683594,1.834716796875
_LFTaZDDq,33.94276428222656,24.511899364237884
_zzkT1YVo,33.71699446338718,24.753856658935547
_UyH0iPvA,33.88793428065413,25.354442596435547
_6QLHLA1f,33.95338439941406,25.235203334263392
_wHKfo1KL,39.67307397874735,8.1595458984375
_YRHEYY7x,34.57859802246094,-6.162040866151131
_wFPF3Y1c,34.14427185058594,-7.101203762755119
_4P469JAc,34.24708479541843,-7.026500701904297
_zLCdPpu9,39.604595636917374,5.94256591796875
_08Xo9dFo,37.91693115234375,11.845365483710108
_Zo6T6unT,33.4593743793035,25.02792046994579
_mXyxtKx1,33.7034477621822,25.688152313232425
_0dHiucRi,33.96903991699219,25.206616460060587
_67mfO620,39.678893008474574,7.19158935546875
_P5h9Bmcq,34.59580993652344,-6.148027692522305
_rgzlItU1,35.92203431210275,-3.257972230302528
_MNMZ1gC9,37.519775390625,-3.6296958111702224
_Dsxw9nxZ,38.854313220007946,-3.5496826171875
_vQW8ThGG,50.59849548339844,3.617826762952302
_NqxGyr45,51.05717468261719,4.81609447582348
_Psinso9t,50.94767761230469,4.7226364548141895
_ZKOQS8wN,50.87512517379502,4.359588623046875
_w0sApL8s,36.028219966565146,-2.678501859624305
_AebUuLF3,35.90988417803231,-2.6543670004986666
_REZ49tHs,38.0621337890625,-1.4437087038729717
_xMtd0AG3,41.684600830078125,4.335292469371449
_cus9KAub,46.36235123973782,7.574317932128906
_QYaA7ADW,50.36576843261719,8.33038330078125
_mym6MQzz,50.530517578125,8.154963443153783
_oztadPgS,50.8201904296875,7.216458707242399
_85rc548m,34.878570556640625,-2.0427283462212813
_SPHEdzvF,34.90919494628906,-2.083198391661352
_sy1yEtoX,37.52841238248146,-3.629548445991816
_iZHF8Ql9,48.97467041015625,3.0694110576923075
_d5c76wka,49.011406332759535,2.9238088507401314
_N7VExpMk,48.99865101959745,2.673002544202302
_9vKjkwIs,48.96867370605469,2.242760291466346
_9cMdQ24P,48.640524654065146,1.995464124177632
_ieOhFaav,34.86790543895657,-2.03338623046875
_ATO85MhP,34.83979797363281,-1.993682238520421
_8qj9Bg46,35.18165588378906,-2.374952666613524
_rMxGR8Kb,36.16973876953125,-2.3468666888297776
_lR4HH2g3,37.75140380859375,-1.625859686668889
_eyu2Y0hf,38.60153456865731,-1.02899169921875
_0pGKJO8s,40.80043029785156,1.0596923828125
_O04r0Eoe,50.72698974609375,3.721767116237331
_m1z6r6WA,51.01035942465572,4.5269775390625
_YLMHbESY,50.987548828125,4.696432577597128
_vZFSf3H7,50.87974548339844,4.366100414379223
_ymr13rg4,35.082916259765625,-2.3206376056281783
_YZjb0834,35.0302734375,-2.2584751674107224
_jR9gGIJR,53.68985968121027,9.94537353515625
_sMXzLW4T,53.70647883011122,9.849970200482536
_aePqKmwQ,53.58823614605402,9.671684713924632
_YQWNMgxv,52.98119496490995,9.032488141741071
_9gVyiBfv,35.05741959911282,-5.860347747802734
_A3XoRcRb,34.23106384277344,-7.195204131457274
_MGkzrpdy,34.34010314941406,-7.126651686065051
_ddXwqqpC,34.92823791503906,-6.645663514429202
_5c17vl2o,49.701077736030186,-1.717059161211978
_IxNLhebW,50.568695068359375,-1.4001786081414591
_KaG5wxWf,51.40251159667969,-0.1109767604518765
_lUyvclAh,51.46522134037341,-0.32501220703125
_0oy5mkNZ,51.47071838378906,-0.5720313819679177
_smdgfTM5,51.39925681938559,-0.7472991943359375
_cp8lg79K,50.39689636230469,-1.871940211245942
_dcXUTwHG,34.84225515591896,-6.887969970703125
_WJCL9fce,34.954833984375,-6.815447126116055
_n1roqprX,50.77505493164063,-1.0744331978463038
_hX7MbzBp,51.41615295410156,-0.1061516839104683
_j6Zx8Jgx,51.46508168365995,-0.3716278076171875
_TRuHxbc6,51.46359201204979,-0.6201934814453125
_D6pw3oIN,51.3809617899232,-0.9427642822265624
_ofKlpDox,33.882953191207626,25.36233901977539
_v5fq0d9b,33.94877805548199,25.24148941040039
_pPdFuCQO,39.55860900878906,7.714133884595788
_QYUuysAz,35.31904317564884,-11.549961820561837
_FkQbZyJm,35.22011967028602,-11.224308013916016
_5Tc7u7F6,34.534917281845864,-9.063034057617188
_pOUnMkU5,34.17646505064884,-7.0992279052734375
_pYXgeFPt,34.28324890136719,-7.009221291055496
_QAAoxhCX,37.84153747558594,12.029795545212767
_Tgbkhw7b,33.78398313360699,24.68204498291016
_dLCLLXNd,34.813904843087926,-4.165534973144531
_jdQAHPsw,34.92530434818591,-4.065456390380859
_8NUmFUEI,40.63335354045286,0.6390172784978693
_XxFmVi1m,40.92742402674788,2.0867156982421875
_aUgyj7yw,41.05125297934322,2.186216874556108
_ifHlEOZF,41.20878575211864,2.3462677001953125
_g5I6WL1b,41.31175231933594,2.41680908203125
_eihZaC9A,41.39532056905456,2.366851096929506
_0fA8eXuC,35.57340460308527,-2.832661080867694
_y3UFslcN,35.69420766022245,-2.766450922539889
_AZfUxHKK,40.63195697331832,0.6315890225497159
_nCgIElTT,40.89656066894531,1.96185302734375
_34xkFbHs,40.99269026416843,2.141272804953835
_8A1gM2T9,41.2474365234375,2.32696533203125
_Bo4Y0WTQ,41.3671875,2.36541748046875
_YyEc0RaR,41.35162353515625,2.238037109375
_jvMY6JED,41.33419748079979,2.1868410977450283
_gMPHTr61,40.81267276052701,1.279657537286932
_osKrE0Ae,35.702178955078125,-2.7374267578125
_2DYsikJ2,35.742462158203125,-5.755119323730469
_lB0Qn8CF,35.756378173828125,-5.6705474853515625
_g0YhZGZw,35.90345996921345,-5.089358065990666
_QUmBw4Qx,36.18621826171875,-4.847602844238281
_NstLo8ML,36.43112182617188,-4.490890502929688
_Z8o4d5O5,36.65071649066472,-4.103335116771916
_qWER7zxZ,40.58722027277542,0.4150459983132102
_FVtLH4Pl,40.930206298828125,2.09039306640625
_OmzKqxfQ,41.069035934189614,2.1993879838423296
_kX3MfUx9,41.25063621391684,2.325293801047585
_zYtraij3,41.368227166644594,2.328851873224432
_4u3C4AVY,41.34015616724047,2.204631458629261
_cY5zJi82,41.28277587890625,2.19891357421875
_mjaND8KI,41.22964115466102,2.401885986328125
_DTjA97sS,41.23553466796875,2.64434814453125
_aFz1RX4y,41.27394104003906,2.90478515625
_JgnnJ6bn,41.0271389201536,3.1404668634588067
_bxM3zcRx,40.94549560546875,2.9300537109375
_AFyFoACq,40.87692260742188,2.5584716796875
_nOf3rb20,40.85710144042969,2.18682861328125
_a0IPNJlR,36.32070767677436,-5.682561346825139
_PYYO8pzb,35.66269179521981,-5.722006939827111
_zVq1ZRmV,35.69764709472656,-5.648231506347656
_9Ehvzwuq,35.71483030157574,-5.741934269032583
_cWGnCevf,35.72223210738877,-5.820416389627667
_OifPQJvG,36.13499450683594,-5.989437103271484
_IArUHTM8,36.31425476074219,-5.88409423828125
_A60ZhEQN,46.65385437011719,0.1337116520579268
_jqUBdQHc,46.88351440429688,0.1710433959960937
_gfcrljGP,47.11440264168432,0.1548649714543269
_wjBI3ypj,48.89396667480469,2.0654296875
_HPnZiqxH,49.010650634765625,3.0891301081730766
_XjcnEWrm,49.04754638671875,2.963350736177884
_9BzcHUJD,48.91387939453125,2.2712120643028846
_85Egrma1,36.60788843187235,-5.804696590342417
_L5pSunjn,35.71366882324219,-5.860691070556641
_Y2U1EaEh,35.657710705773304,-5.708098715924166
_5pfUVzYh,35.70149230957031,-5.6412506103515625
_5THfZM6D,35.71623229980469,-5.757236480712891
_NHx3cBsQ,35.72772216796875,-5.774574279785156
_BDKIpbFv,35.74525451660156,-5.688228607177734
_xoiHFGYv,36.59724426269531,-4.054241180419922
_Ku2GcM9D,41.21241760253906,27.35693359375
_nfL79ahl,41.37052917480469,27.89349365234375
_V2sKM2Ig,41.33838718220339,29.73455949263139
_eTEblCaw,41.19868469238281,29.7308349609375
_jOTXMQGV,40.939527608580505,29.4205752286044
_63YjqJCF,40.85168353581832,29.17999961159446
_v18mAMSN,40.76527404785156,28.8509521484375
_gbwAPGnt,40.8319919392214,28.4318056973544
_OthUG7fY,36.29291599079714,-5.8629591921542215
_cpvIRguI,36.14101603879767,-5.969316198470722
_yrWVo9KY,35.662994384765625,-5.722217559814453
_SUbSRlDt,35.69751286910752,-5.63014253656911
_WTrbmXep,35.71563720703125,-5.751056671142578
_mHsrkSZf,35.72390798795021,-5.838765895113032
_O7BAIJl9,34.93089294433594,-4.052049286511476
_Bl5do4RI,35.22188865532309,-3.982944488525391
_GqrCrWUR,37.45206671246027,-3.630682903787364
_BQNZkdNN,37.9425876423464,-3.626682447350561
_ZbQh4Ded,44.12992858886719,-1.62457133448396
_Ro4zNkRZ,44.93321228027344,-1.1011178152901948
_D5GJqLaR,48.40695190429688,1.2426523061899035
_eoSQ4QSq,48.70555813029661,1.6948579487047697
_xAhYXdWW,48.89432745464777,2.057334498355263
_mGpajAGo,48.98948022874735,3.069449976870888
_Ij9Zn60K,49.01061494471663,2.905594675164473
_iH0a0HCq,48.997467041015625,2.651085486778846
_kb8Kl1ZX,48.93475341796875,2.28424072265625
_ikuRdeyR,48.52945101463188,1.9627942537006573
_4803qhk3,34.84849315578654,-4.039478302001953
_0G172xCO,34.84757995605469,-4.129570163026148
_1EB1e4Yq,34.940899347854874,-4.046401977539063
_WNAqwKJI,37.64515686035156,-1.687511687583083
_fTR29yOZ,41.05064392089844,26.99749755859375
_cVcDhvXY,41.25503540039063,28.09716796875
_T6h8zGEy,41.60196595272775,28.60041418740916
_BlJ2cgkJ,41.3988585391287,28.75403115915698
_vY89eg4U,41.145102290783896,28.82044705477628
_fL842RWU,41.02510070800781,28.75830078125
_RflIUmpN,37.97218322753906,-1.3886601874168605
_pDYx0P3N,37.82496643066406,-1.609672384059138
_KywzEyea,34.837646484375,-6.742572784423828
_ZFWjqDqG,34.92656125860699,-6.648101806640625
_Yy5LIdp9,36.21033232090837,-4.816803627825777
_UWHolu5e,39.47657698291843,3.3626708984375
_PEmSdtf9,41.06647556110964,26.886915727095168
_PUgzreLq,41.22441101074219,27.42926025390625
_qTHeMPG0,41.342559814453125,27.76165771484375
_cP3eEoyE,41.11237606759799,29.68018965287641
_rl2IXje2,40.934546519134,29.40702958540483
_biT5NmHd,40.85801464016154,29.19666637073864
_dD4MiMYd,40.77021789550781,28.8397216796875
_38r4sGc4,34.29341125488281,-6.346117914939384
_DBb31Xxh,34.1517333984375,-7.104903240593103
_nwUwefdW,34.240800243313025,-7.030563354492188
_DzZLxYU9,40.621673583984375,13.405029296875
_cqZ9f2zt,40.61994649596133,13.278975053267043
_E6BPQNQs,34.30802167472193,-6.282463073730469
_QIRW6mG3,33.99807687533104,-7.236213684082031
_ksbkz6JU,34.08833312988281,-7.188421755420904
_MbJ6H0NJ,51.01702880859375,4.570535195840372
_WsSZr3Uq,51.00933837890625,4.752477697423987
_lg1unhQR,50.931976318359375,4.66651710304054
_Jn0PiArJ,50.88364423331568,4.379425048828125
_4vlFvXLV,37.40919210143009,-4.0427299167798765
_FcLB6wv3,34.247314453125,-6.433840381855868
_jaf6vdiD,40.85782843121027,1.5195465087890625
_IhzdLu37,40.78939664161811,1.4111189408735796
_yDxoxpwM,34.04211529230668,-7.231807708740234
_Zjjb0mLN,34.13684909626589,-7.159996032714844
_1OqyF1lP,39.16165109408104,-0.67388916015625
_LbydfxaX,41.68059268240201,4.363488485646803
_2v4DBmMY,44.33881856627383,11.47528671636814
_1DMbl23J,36.79563903808594,6.416645050048828
_6QvLWSpG,36.791839599609375,6.284122467041016
_UxibTvoB,35.70240783691406,-5.613842010498047
_NTwZjyGU,35.724334716796875,-5.842266082763672
_hgPHLfnD,35.74020127118644,-5.826786122423528
_speF75hy,35.75267727092161,-5.734162026263277
_DOPwOvgk,36.80350093518273,6.629547768450799
_ZzHwG9po,56.53175354003906,-10.390735973011374
_AZ85G94P,34.09537105237023,24.83373641967773
_yEBw5aZQ,34.13182067871094,24.71161511479592
_YINghaCU,36.97807182699947,6.407059379245924
_pkSet0Cw,36.98332214355469,6.295224453540559
_vzaFZsZq,37.033282781051376,4.071569028108017
_FIkHR76x,36.7741264731197,3.3516482089428195
_lS4QHpbS,36.73603820800781,4.763374328613281
_iL6WwbFi,36.74327087402344,4.941558837890625
_Ie0ect2E,36.79682922363281,6.541900634765625
_UnQ6xCql,40.44169797735699,-2.96094027432531
_jZKCsHh0,40.369720458984375,-2.81207275390625
_PwusGDfe,37.426462981660485,6.595677914826767
_ZBlFdrAe,41.861663818359375,9.881515502929688
_4aZxQbQz,42.114532470703125,9.882639104669744
_P3nlIrY9,43.1150533385196,9.884556361607142
_vJzNDoZB,43.3399658203125,9.7503662109375
_9iKHCxsh,48.762451171875,2.5941115159254804
_ee1jaxD0,48.73833090572034,2.461226613898026
_5v8GttOt,48.70751332428495,2.285806756270559
_ChkqKM6M,48.67927551269531,2.220435509314904
_3klSzW3T,36.666778564453125,3.3114051818847656
_AgU8WvhN,36.72843933105469,4.584617614746094
_Gy0Ua6E7,39.72752380371094,9.27670022715693
_sOZyXdrS,39.83354187011719,9.236456829568615
_MYfLbjRc,43.916748046875,8.278134368186773
_cEQAGVuQ,43.69071831137447,9.53031267438616
_RGFXYwS9,43.44557422702595,9.70027378627232
_RmdxXdTt,36.43006896972656,12.40121841430664
_JSA9J6kv,36.40818786621094,12.57854461669922
_UdwcacaO,34.10747463420286,24.205398559570312
_f6LsJHmb,33.96015930175781,24.48639538823342
_elOYtGWq,33.88644460904396,24.57212448120117
_yN29mmIe,42.958451610500525,4.281398228236607
_zi87AnYY,41.63351440429688,7.126818570223722
_eMCNVr4D,40.2013487735037,8.666152954101562
_IP5FJD4u,39.3773741641287,9.29730224609375
_A3QPJ7Pv,39.66874462063029,9.283447265625
_A1L9TLch,39.76059218584481,9.25830078125
_7DvAecpb,46.41966247558594,6.379305211509147
_CsPpng9o,39.89048767089844,9.2236792522928
_pZ9rj2zv,40.005615234375,9.1915283203125
_dC7WnwZ6,45.410980224609375,8.373936244419642
_WctmNx3w,44.70368957519531,8.471701485770089
_QCudfQjn,39.779388427734375,9.316286833389944
_nBNIPEHE,39.900993735103285,9.2777099609375
_0YdKEeJa,43.411637645656775,7.431597028459821
_QVo5sf4o,39.62196350097656,9.371278182319973
_c23UW5zz,39.73521423339844,9.33539349099864
_66QaB2Yo,43.9493408203125,6.268913801326309
_SAnZPm5Z,44.53564453125,5.523507254464286
_4UmJ23nb,44.94693044888771,5.519424066310976
_5GKihXkL,45.63841738943326,5.099098205566406
_4m8XkZ0q,44.98580156746557,5.2240660132431405
_j9D5jliS,44.771392822265625,5.403834751674107
_DNFLUQwW,44.00601196289063,6.502053903978925
_Y2P0NYjI,41.42839050292969,6.887366554953835
_pHuwNokT,41.51692199707031,6.780561967329545
_TTsCvVRz,42.54176252979343,5.582587663517442
_vtPUo93A,43.45786401780985,5.112239292689732
_s9Rf3ShB,43.32106018066406,5.087819653888082
_qxqQWOEt,42.941802978515625,5.256510889807413
_Q34GSogK,36.79023354740466,6.74759235787899
_nuPmY29G,36.770122980667374,6.243623774102394
_RLWzZIPd,35.938420699814614,0.2767035301695479
_8sIEtnjm,35.65461730957031,-0.5225944519042969
_xp5BREo4,35.7134337344412,-0.5218505859375
_nZv2oSaV,36.79710388183594,6.611251831054688
_AcGrSc4M,36.4366693011785,12.34945094331782
_Uk5kL1yE,36.41651916503906,12.51302719116211
_1A8MS2lD,34.0748291015625,24.28028963050064
_Mj4SEU45,33.91072082519531,24.54609150789222
_7wTGMJyj,33.88774108886719,24.57081074617347
_xOHxrgYi,39.771671618445446,7.5875244140625
_5ayyuYnn,40.15374755859375,7.30450439453125
_sygDaB59,42.528900146484375,5.4886696555397725
_iS6t0UkC,43.470062255859375,5.120395394258721
_WZjA31tB,43.07318115234375,4.967289414516715
_nFZaktPJ,41.768809173066735,7.12425054505814
_9MdhNpbm,36.4068603515625,12.589702606201172
_ySwCGhFf,36.38502502441406,12.76325225830078
_OKngr8XA,39.36817932128906,9.884829313858695
_ULnnJTcp,39.50367038532839,9.88494873046875
_mrCeCVyb,40.5684814453125,9.88555908203125
_k1vbmqY9,41.05022883011123,9.886009909889914
_dqmsXl1F,41.48996126853813,9.886353958484738
_aP9Fu04t,42.82832336425781,9.887439816497094
_32XU9lVw,45.35710221630032,5.725015779820884
_fVlV9LDu,45.77933101330773,5.293830871582031
_KWGQxb4V,45.67355346679688,5.100536811642531
_FTiB6HR9,45.62741088867188,5.129275438262195
_1qyJ2ZeG,45.49145197464248,5.187623558974848
_KSdMerhR,45.19807977191472,5.217434022484756
_tecaDRkf,44.529543084613344,5.591773056402439
_3Ob2cFzs,44.35121154785156,5.871603829520089
_Io2aqGSw,39.371429443359375,10.02251666525136
_psoQsx29,39.49496511685646,10.0181884765625
_GasOLiOo,46.74357604980469,9.334292528105946
_vDTsLJhx,51.64495953058792,0.0002288818359375
_VvJVHFQB,51.47816286248676,-0.07568359375
_MXRRcTrs,51.465179443359375,-0.3633653795396867
_ES7KCjPP,51.47183175814354,-0.5670166015625
_9EzBrYNg,39.53392933990995,7.64434814453125
_eScxSQcv,40.07711791992188,8.83294677734375
_Dj1qMnvC,40.20616149902344,8.82861328125
_Ifb7Gyoy,41.55889892578125,8.74692743474787
_bqSB4Wap,48.27699279785156,3.175400954026442
_SzoEvwFy,48.77229309082031,2.725736177884615
_XEwv5NUG,48.69932013042902,2.2680262515419405
_eTwEpuvC,48.2430616475768,2.242367393092105
_1FhUCPXm,38.340179443359375,7.199784948470745
_XdgkDZgn,40.161163330078125,8.83685302734375
_0cNui7p1,40.3975199036679,8.831946633078836
_9kNcnF5v,41.22694112486758,8.782258467240768
_1otqVsop,42.93846130371094,10.10212033293968
_c6qXNIbg,41.94510249768273,10.681329771529798
_CjOPxL0n,39.28990250926907,9.76519775390625
_hjhMQyq2,39.42201776019597,9.78814697265625
_XPJRju4B,42.97446558030985,10.4736328125
_FzIWgHQf,44.23759460449219,11.199253627232142
_P6xDkiiY,45.3251953125,12.003805977957589
_WLYWaJM9,45.39196984242584,12.206078506097562
_KVbemKnP,45.46626721398305,12.301873928163111
_qZfOyCSO,45.53265070511123,12.4468398675686
_ash9lC0y,39.31387691174523,9.61358642578125
_jdcjkwfb,39.456298828125,9.625754978345787
_0cBouiU0,42.027191162109375,10.088258223100144
_MX07NqmY,50.1876417257018,6.341264054581925
_nw6YWHPV,51.277615821967686,7.054443359375
_7ytUY0oj,51.39239501953125,7.021005991342905
_ovsu2xxN,51.343487238479874,6.886444091796875
_Gbo7OIlM,51.31946628376589,6.835784912109375
_pnGnJvGy,51.23776710639565,6.661376953125
_I0uQtq1K,34.05235678462659,24.97753143310547
_CT6gIoni,36.70976257324219,12.38067626953125
_JwQSS1Vz,36.6884765625,12.553882598876951
_037VvmBx,34.537151789261124,25.0971794128418
_P4Hitt3R,39.50431823730469,9.629815143087637
_Iyxyfuxi,41.49948120117188,9.7927509654652
_jphM8HgC,48.772796630859375,2.8280639648437496
_apizsClg,48.776458740234375,2.670170710637019
_JPtNADJA,48.69540974245233,2.2560280247738485
_2Ro51DHh,48.60260009765625,2.1171217698317304
_wCZTp7AQ,48.4403034792108,2.2048548648231905
_zOb4fIQo,39.13041687011719,10.416591478430709
_pmueViZo,41.0762980832892,7.613150856711647
_zkaD0IEl,41.64674377441406,6.825131503018466
_KA9e8IgC,42.52748107910156,5.634925148703835
_UEGmuPW6,43.47304004733845,5.153634207589286
_AMtN4VbZ,43.07394771252648,5.262647356305804
_NU1irmoz,36.80722511420816,6.753202397772607
_bAbhN6vd,36.79426574707031,6.286354064941406
_NNNdSAYI,33.592620849609375,-5.87308922592473
_0YPxrqQa,33.841094970703125,-6.053466796875
_ttbLW2DE,33.918705309851696,-5.752086639404297
_5NMdDbOg,36.77035574185646,6.32461872506649
_XiWXdCCf,39.72193908691406,9.33837890625
_aQHyC9O3,39.834796452926376,9.3023681640625
_OHKXMRKj,48.24668884277344,3.1379347581129804
_2iSvy4ot,48.36977683891684,3.023914537931743
_OKKzhooy,48.73442051774365,2.768193295127467
_LAvCZYUM,48.764556884765625,2.6057316706730766
_a8a75x9B,48.74089127880031,2.475320916426809
_kIJ0Qf9D,48.69699251853813,2.26274992290296
_jvqLOJVp,39.42485046386719,9.673820163892664
_kq7eEWeB,39.556915283203125,9.681223993716031
_7wMJkZ4B,48.05845642089844,3.5127410888671875
_rBI7Z60W,48.40301513671875,3.182565789473684
_MiFbwxSD,48.6702249817929,3.0870136461759867
_VgTLtGCY,48.69795227050781,2.2614229642427883
_IEeWhqD2,48.39349365234375,2.3121290940504804
_QzGlbesX,48.19171142578125,2.3458627554086537
_pb5BoEFR,39.70175015724311,9.6468505859375
_pgmkzzjw,39.82150268554688,9.65722125509511
_arzNypQ8,43.09838763738082,9.879324776785714
_YiEBkVAg,43.42876886917373,9.77783203125
_Us2aGg0l,43.9072265625,9.445303983466571
_f19N69YK,50.10589599609375,8.86730297191723
_Vdp1wpV8,43.71455305713718,9.9993896484375
_m00tNnkX,39.83546447753906,9.489978292713994
_jvPz6dyG,39.88819186970339,9.50323486328125
_Gj9JKc5Y,49.01094081038136,2.9426735325863485
_OcxRTh1f,48.99846481064618,2.670400519120065
_3fCvNZw4,48.94679260253906,2.0685988206129804
_UnYQAnMb,43.31341242386123,4.129093715122767
_NTb892sY,38.51934814453125,7.0477294921875
_DqpnEoD5,40.18593998278602,8.870211514559658
_Hqr8njOd,40.29608257746292,8.863657171075994
_eLi6tzf8,49.010284423828125,2.9701115534855766
_x4lB3EDA,48.99846481064618,2.6700391267475325
_XI9n9mN9,48.9873046875,3.174907977764423
_GXWYcO7w,39.87026925814354,8.93792724609375
_Ix3tfuqx,39.98455810546875,8.9307861328125
_18G4st3I,49.46530151367188,3.011554918791118
_sbjNXoEl,50.57891328456038,3.195833773226352
_bxjT41ph,39.51031494140625,9.507472826086955
_32bHBsxq,39.623542397709215,9.47186279296875
_uqkUxpRF,48.656158447265625,3.524639423076923
_1qgefkID,48.95233154296875,3.2539250300480766
_zc8UqDuN,49.00973510742188,2.890108548677884
_2WdofuQz,39.34953592591366,9.48699951171875
_xPE9wOhS,39.47511291503906,9.451347019361414
_qyUSs6UK,44.75937148271981,5.560957745807928
_s4M4uB6k,45.668816000728285,5.095252990722656
_rdzRX9gz,45.61637878417969,5.101608648532775
_E1D099u2,37.23097229003906,6.288211903673537
_ks7EVza2,37.27436828613281,6.167186980551862
_ImoEPvoA,47.05485534667969,-1.5596466064453125
_9EA4AeQs,46.97959899902344,-1.5311508178710938
_LqgMoD1I,38.45924377441406,3.108892026154891
_n4hKDZBo,38.26389118776483,3.370712943699049
_hmGyxLL7,37.26617431640625,6.22024860787899
_53pckeye,39.22505524198888,9.9090576171875
_PdeLBI8H,39.3504638671875,9.90841409434443
_H7M3w8or,42.22655732752913,9.89338009856468
_babySU3x,42.44712183030985,9.891974870548692
_JxUKEmE8,48.75032043457031,9.578458345853363
_6b3VXP0B,48.67218017578125,9.127666766826922
_wGcKsegw,48.56808937202065,8.896034642269736
_wniw1kQ5,36.17281121722722,5.830584586934841
_FAcuYyOj,36.19767011222193,5.711838742519947
_Osi7zFuq,36.56287241790254,2.0792210355718086
_yCj6VRkd,36.42127990722656,1.6064071655273438
_tFhRvtNp,38.40918072199417,-9.006579855214
_63ipTpQi,38.61566162109375,-9.223977793817935
_SMm6m1LZ,38.82628877284163,-9.05902099609375
_y6ADT7oi,38.71940483481197,-8.9404296875
_MHEfNy1L,36.38058471679688,4.602642059326172
_PsuSdpLA,36.26046752929688,5.080718994140625
_lkLJYaDO,39.637228755627646,9.363037109375
_5CMH4UwO,39.75357055664063,9.32613870371943
_ziyCWdxq,48.57488599874205,3.648400557668585
_MjRVRxM4,48.9796142578125,3.199345515324519
_3XNvMJZB,49.046879137976696,2.949467709189967
_6VyHUi2l,49.03042602539063,2.6311551607572112
_ibElTKSV,48.91620700642214,2.259425113075657
_p9lsSd57,47.96933448920815,6.050368088942308
_pgqRLriF,51.04843915519068,0.8026123046875
_Ksw7VDna,51.19578552246094,0.1701396220439189
_Lr1QsspA,51.163330078125,-0.08026123046875
_j0T5OsP7,48.03129551774365,6.930894118088942
_I5xmHbVy,39.41363525390625,9.840107793393342
_UyNpABs5,39.53132241459216,9.83526611328125
_rcqzMF09,51.395765401549255,7.12188720703125
_RS2q0Gr0,51.32867431640625,6.843294710726352
_Sq194CXO,50.981048583984375,7.3948380753800675
_sgZdH10r,50.51866149902344,7.807448537726151
_FRLvlNos,39.72724914550781,9.779981530230978
_vUjolIzw,39.52972412109375,8.98914503014606
_B7hR0UOH,39.618514756024894,8.98065185546875
_3mC5ieeP,44.16271145060911,8.96942138671875
_yeNWyldO,44.609380172470864,8.96732237280869
_cqax3YuL,45.8822021484375,8.962365127191312
_ISugu6i7,46.127448647709215,8.961479187011719
_HgHxMxpg,49.80065297272245,9.31937552787162
_AVuTgqAi,39.64588747186176,9.4451904296875
_PFVnKkk9,39.75251770019531,9.406088124150816
_ySP5P9tU,49.557883052502646,3.099926097972973
_gVdKX6Us,50.55061340332031,2.9629837839226973
_VHGIBrzM,39.20265197753906,10.425488015879756
_DhhlWPgz,39.066650390625,11.579709260360056
_67pyFGLM,39.184089272709215,11.5765380859375
_4WfPKRYW,51.24409821073888,7.840194702148437
_ePkM9Zqw,51.41876220703125,7.047877956081082
_AmxOPHN6,51.31751108977754,6.8196868896484375
_LLFGZIn3,50.94262591863082,7.53509521484375
_WFtlAgnj,39.79545593261719,9.304524297299592
_gDku8CF6,39.92376708984375,9.35174560546875
_laSzAaIG,41.30580061573093,9.810041947798297
_k11m0uSl,46.84332275390625,9.075912847751525
_QaeIJNLd,50.94721984863281,4.73651782886402
_zjmUnLfK,50.9195360086732,4.6125030517578125
_Q1KmQioN,50.84607657739672,4.5516204833984375
_2jQoCQs3,50.744406490002646,4.859542846679688
_WRf7N72k,39.29097321073888,9.802001953125
_PcxaYOwl,40.09022858183263,9.815160577947443
_JPEhqxTI,47.53143310546875,8.462081909179688
_2ASSfJRR,47.83223814883474,7.978186974158653
_VoxiJKvu,47.82023620605469,7.397575378417969
_U7zc1W8s,47.72479248046875,7.576652526855469
_USwRygzR,39.1343994140625,10.58281939962636
_opm9rUWk,39.49719962427172,9.4410400390625
_r9ajDpL4,39.61102294921875,9.408834706182065
_rVs6s6tM,45.35803326105667,5.485460234851373
_VeGPRJpe,45.75663757324219,5.3445136837843
_sqolHAkK,45.65377807617188,5.09752227038872
_x7cQVSqX,45.59197998046875,5.105360077648628
_52Zpfa3S,37.51849675582627,6.2457275390625
_tmesxVWe,37.5596489340572,6.087381114130435
_9QwUkOZj,39.79655456542969,1.9890627653702448
_OV1TDoI8,47.10993362685381,-1.2681462214543444
_qIZjfMAB,47.22789001464844,-1.2312240600585938
_VQEAaGeM,47.27542683229608,-1.4709003155048077
_86gMcBA7,47.07106018066406,-1.578460693359375
_B5wK5GIX,46.9940185546875,-1.5476637620192832
_wQ1971ux,46.43266296386719,-1.302281821646318
_0gHjdoWM,38.44814494504767,3.32586669921875
_t6bTHBdI,38.21938724841102,3.5334180748980977
_Ge862K6h,37.52957618842691,6.202677851137907
_2Puarb6a,37.86200571868379,12.767128322435465
_cSkuMfYG,37.90507507324219,12.85634142287234
_FABtBPYa,38.1618021302304,13.35853908372962
_XTAtDufN,38.24285888671875,13.388243330285905
_ie4y2U3f,38.23947143554688,13.280717565658245
_t00B1Epr,55.50744525456832,-13.13364028930664
_5FgzXPcb,43.754634533898304,-10.735931396484377
_Yk2BKLUa,37.426666259765625,6.157369410738032
_yjS2wA76,35.701446533203125,17.534923553466797
_uQOM0PdO,38.121002197265625,15.851576784823804
_Pkiaxc72,38.06254577636719,16.019468916223406
_bMLObd4s,33.91758728027344,24.50438830317283
_m6hQiD2f,55.447206658832094,-12.894001007080078
_MzagEmTK,45.102787341101696,-11.380697110804078
_Nfa0lap9,33.88307189941406,24.575743383290817
_0gy0eWNR,35.166229248046875,27.45735635562819
_9I7opGtm,50.95980369438559,4.668121337890625
_KeHhIfdr,50.86656188964844,4.411159206081081
_viVNp9G8,50.44715881347656,5.428763941714638
_RFwpGc1i,44.47723388671875,25.712650844029017
_0ExROFdK,44.050140380859375,26.184443983920787
_D8dp1XkJ,43.8189697265625,26.671861921037944
_e473tSH2,42.96957759533898,28.92870221819196
_OZXWYGb9,42.61927200576006,29.478809445403343
_4mk5TaTw,42.02456716763771,31.59220850744913
_wxLKIKXO,41.93914381124205,31.954118595566865
_Myl8Z1eC,35.77753616591631,22.73667355801197
_JlkXqBTJ,35.664459228515625,22.84870147705078
_jQ4ibkBl,33.80967996888241,34.900875091552734
_9kP5Eeuv,33.81816101074219,34.780248525191325
_yRSrKfLe,50.60004800052966,5.31463623046875
_TquLvCMJ,50.5810546875,5.172110892630912
_pMTbeQrJ,50.56760109077065,5.418486724028717
_Now9cizS,59.746490478515625,31.719451904296875
_ypVq3O83,33.44261169433594,25.593804931640623
_LXAQwZ1S,55.15672069484904,-13.351301713423297
_L8mEsCF3,33.74583435058594,25.353026098134567
_6w4gfHiM,33.84855651855469,25.271133111447703
_iojzuKaW,41.99899291992188,12.27353876287287
_BVslhrcp,41.95134049755032,12.173809672510902
_09ohL9gA,41.858184814453125,12.20855712890625
_nnHrCu8M,41.734130859375,12.167795354669744
_yGM3YkQO,36.415348376257946,20.0806118579621
_BnMStbJt,33.81149550615731,24.65280532836914
_0854XBqU,34.4593505859375,26.356201171875
_whZ6UDdQ,34.55616760253906,26.263994489397323
_XEPJZ0R3,46.00576109805349,9.832351684570312
_riuibVBD,46.036468505859375,8.801723573266006
_DAUf1tvZ,49.01284790039063,2.9482797475961537
_0rz1K1IU,48.99925231933594,2.685100848858173
_QtyUJJTL,49.04483083951271,2.2337662546258223
_dXAD19Kq,49.05032400357521,2.490788509971217
_ZhCHKspR,48.90200857388771,3.63329435649671
_isHHs3to,48.36167674953654,5.367544073807565
_fNWiPmL4,34.399658203125,30.896021006058675
_piPdBIVM,40.02505544888771,29.846669977361504
_jMLIOqKH,40.3138189800715,29.74760575727983
_f6lN3mRr,41.2670226016287,29.152471368963067
_2zwQiigZ,41.5653076171875,28.92094698819248
_rKxW73kj,41.58650207519531,28.74279369007457
_HX6SgU1H,41.42958301608845,28.72445749682049
_1SxRv5wV,41.16875082759534,28.73137040571733
_vfPyXacd,41.02723202462924,28.7449784712358
_1PXGllGc,33.45355224609375,30.935522460937506
_14UouYAj,50.79263460838188,4.544525146484375
_GglhOQF3,48.69908736923993,15.040427760074012
_1oIySFWV,48.28312683105469,16.516183706430287
_iI0NkDpt,48.16896057128906,16.67534461388221
_uD4hf5xu,48.044702562235166,16.918804462139423
_blLPjs1N,48.041583562301376,16.78203876201923
_tGepIATd,34.747986874337926,26.87765121459961
_FhHzJ7Hy,34.89043672206038,27.043933868408203
_L7ksVyax,34.98079461566472,26.940364837646484
_TgXJYl7h,45.542240466101696,8.897452005525915
_tZBnsCXX,45.4017923646054,8.935703184546494
_nkCM3PPe,45.35536193847656,8.842817034040179
_6BsoqpxV,45.44737243652344,8.77317156110491
_3dT0K4Fd,45.17075360831568,9.844151938833845
_aklikZ0H,44.96922897080243,10.713277677210368
_jlY6ofQs,44.84540001820709,-11.71799078220272
_aRbroYsi,44.47627258300781,-11.054404122488847
_nss4t0UH,37.36422729492188,6.20295098487367
_fqQclpwq,33.866706460209215,24.59283828735352
_tq4js7s9,33.79344177246094,24.67176164899553
_NGrYTDMt,60.16448457362288,32.01160975864956
_UiF5RlVC,50.73353576660156,5.595901076858108
_I8lt8NBg,50.67645263671875,5.506154653188345
_RpEeDFhP,41.7221638307733,-1.1737486373546513
_Ma03D9Px,41.76713562011719,-1.238646073774858
_doN0r3KU,42.98461396815413,-10.608084542410714
_J1Ie87oi,50.59264619471663,5.370681350295608
_LnzlMuPV,50.54319763183594,5.243008262232729
_wOJCk7bf,49.946319580078125,5.779603656969572
_aKsabR7s,41.59274860963983,-0.66282050554139
_GqWjPPRP,41.54484558105469,-0.754186456853688
_o3fBrk7a,59.69486559851695,32.22744645743534
_l9ULPG9A,50.73545837402344,5.761661014041385
_ZiU2czLP,50.73649260957362,5.6000518798828125
_raTjCDFf,50.67280914823888,5.500259399414063
_9FGtFpxK,50.592864990234375,5.381349262438322
_zd3EGykH,50.54721121060646,5.324509079391892
_NlfsmyuZ,50.47947770458156,5.414107039168075
_D5simKMd,50.7802734375,6.32389377903294
_wv4q7f8s,59.70873816538665,31.39182255185884
_xJ3L5Xuh,59.74016092591366,31.66335533405172
_72QhiJli,41.22257995605469,28.72784423828125
_ZCJDZxrv,41.17222595214844,28.72808837890625
_I4LRhK1J,41.02798461914063,28.73065185546875
_DyS8meGa,40.77470397949219,28.77691650390625
_VOwCz87H,33.866912841796875,30.920964455117986
_uIYXsj3Z,40.00529479980469,29.85101318359375
_3ZWoK4JB,40.42228569418697,29.82638272372159
_hhjfHzQq,40.62190168994968,29.87157648259943
_L7PhdM6q,40.86424255371094,29.67596435546875
_kmWQd7J3,41.49359234308792,28.93019565316133
_JDkNZaJ9,41.513031005859375,28.8924824107777
_ceWkiE2F,32.3348585225768,31.57386624083227
_GOuHxWCw,32.671051025390625,32.148138427734374
_4iUgXTs5,34.29876708984375,34.649029167330994
_TS93V45B,33.71685791015625,25.37628796635842
_UnDRUuRC,33.805909237619176,25.305404663085938
_ZrEEOBuK,49.83238220214844,8.894805908203125
_2Dv1XTTJ,33.83331298828125,24.629778180803573
_Y73QXKKY,34.23400361659163,24.23887252807617
_PAQy0Dhy,34.11767578125,24.343741280691965
_AEMtAtvW,33.75279235839844,24.61279421436544
_lbgB8cC7,34.9859619140625,27.23751768773916
_j3u7Yo8F,37.99556408898305,24.39090231190557
_wv5QWazz,38.0747028932733,24.1718922490659
_QaBjONbP,38.03504038665254,24.04954993206522
_9NK0GJKt,34.778571694584215,27.753467559814453
_cyN8IpXm,35.66958152641684,28.94126080452128
_u20sR0ew,33.87982177734375,25.25005729830995
_PKsyaeSV,51.6470078290519,-0.020599365234375
_NytVn9Q1,51.47785949707031,-0.3778406091638544
_hG9HnpRn,51.47355651855469,-0.5455305769636993
_5EUlQqh3,51.42567443847656,-0.5365485114020316
_R3VMlnE3,50.96928405761719,2.931419578758446
_JUZQ9kme,50.70620727539063,3.681013777449325
_OWxbRTpU,35.24876403808594,21.4973258972168
_vCt81eFw,39.34757995605469,25.158631697944973
_nUV4HoTE,39.2105712890625,25.21810116975204
_ZsFLdpky,34.88163834911282,26.98070526123047
_9kIqINre,33.77453302932998,25.33023834228516
_zBcJiuAV,53.22312694484904,-2.186763987821678
_pNoygp93,52.93844604492188,-2.1483612060546875
_w7CBQgE6,52.525634765625,-1.86248779296875
_skOn41OK,51.337921142578125,0.1721438846072635
_nwdIr6fh,51.15330505371094,1.6813535948057432
_h3Dm7i8h,47.71506616624735,6.532005896935096
_rvScjM4d,45.95376224841102,6.227874755859375
_jt31fCY2,45.50875854492188,6.796744210379464
_HnviX10U,32.45864092293432,31.78473647759885
_L3rGTTPP,32.535079697431144,31.913545569595023
_KIJEZyJr,34.095091738943324,34.3205451965332
_iWFpnPMg,41.83502197265625,12.120916193181818
_jmq48985,42.70957946777344,11.887706409801137
_i0JVE8Gd,44.63887023925781,8.883819580078125
_LsX50uvE,48.360606048066735,2.98849808542352
_SIekzNuA,48.77231403932733,2.8349063270970394
_SWo18FNh,48.777946860103285,2.678495708264802
_WdbkOJf0,43.78179931640625,1.2560822242914245
_IsD7U2de,48.7430419921875,2.781865046574519
_rtOk4sPi,48.77146911621094,2.650169959435096
_A8JxDe1v,41.7904094114142,12.094094919603926
_Io85luFF,48.20968369306144,2.9536598607113485
_YQL3Q6bI,48.77343129303495,2.7770112690172697
_1gexxLIV,48.767120361328125,2.6184786283052883
_dMa5gw45,48.70141498113082,2.2728689093338814
_gVhsajvM,48.623858952926376,2.1341665167557564
_pmZalz2B,48.46687316894531,2.06817626953125
_ueKzidHP,43.77856238413665,1.6701180594308036
_IoZogosy,43.42946715274099,1.612636021205357
_fXlsdFzM,43.48416603217691,1.5166364397321428
_SM14db7b,43.58346195544227,1.4136396135602678
_bLLgoGB6,34.57951432567532,26.26882553100586
_OTh2Ej02,34.67238604012182,26.17961883544922
_01xTdXut,51.60944017313295,2.738800048828125
_CO1YeVfd,51.59007444220074,0.102386474609375
_wjQQ6kAI,51.64494323730469,0.3212016337626689
_ftJk9jUl,51.50097345901747,-0.0963592529296875
_ccRteXg3,51.477976653535485,-0.326995849609375
_LAXKc7zh,51.45085144042969,-0.5395920212204146
_3MZoshiY,51.40402221679688,-0.5032925992398418
_JRjrAINb,51.18562860003972,0.0101470947265625
_oYtpBna6,51.1573248394465,0.329132080078125
_lbUA280w,51.12872314453125,1.6136540593327704
_OJga1oKN,34.63095454846398,26.80309295654297
_8DMqL34L,33.92701721191406,25.2084661989796
_EJGn9TlQ,52.47541809082031,5.798492431640625
_XxSUqfAq,52.503753662109375,5.5340576171875
_lDJOWoia,52.22555904065148,4.356471470424108
_7fCxTdTK,52.190826416015625,4.483642578125
_sxwHFeYW,52.39151776847193,4.714311872209822
_K0h9EXug,52.44685363769531,4.742355346679688
_vdrb3qX6,52.46978759765625,4.936370849609375
_Q6QzDAth,34.73052978515625,26.83113565250319
_e5ZZUNM0,34.921600341796875,-9.741005410953449
_EB8HeJZB,34.88346862792969,-9.341293646364797
_38269RxX,33.35911560058594,-0.8614379882812501
_bqWzpU6e,34.58807993743379,26.267108917236328
_guGfkk2g,34.682098388671875,26.17840202487245
_B7P4tdTe,51.58268737792969,0.8483226879222973
_sUbHPrtK,51.46522521972656,-0.3280309728673956
_xF8mgn29,51.47140502929688,-0.5694332638302058
_niujn0rm,51.42774678893008,-0.6473541259765625
_FCpaTaVg,51.05058288574219,-0.2785924963048956
_HKmLE3JP,50.62742614746094,-0.0571722733347428
_pzgZkKSn,34.064460366459215,25.05186080932617
_erFnMCHj,48.67595090704449,3.5073852539062496
_JQIhIMDs,48.95437984143273,3.168977436266447
_FISAigxw,49.01344299316406,2.9621535081129804
_MaDIYeGn,48.999298095703125,2.686368502103365
_aWdvzgNu,49.06540692862818,2.549767745168585
_3WgQD018,32.81181335449219,26.087310791015625
_GR2NXnls,47.25573523569915,4.8977191631610575
_qINLkYmH,47.58677673339844,4.99493408203125
_izIDyGYT,48.6573486328125,3.5966139573317304
_apR1YU39,48.98355102539063,3.5596407376802883
_PIOcUE4P,48.998565673828125,2.6722130408653846
_fzLMlQ4L,48.95340224443856,2.31768156352796
_fTzC8D2P,48.38090282375529,5.449652420847039
_PZ6SWQBE,47.78704833984375,7.360221862792969
_0lbHntZP,47.58444058693061,7.647399902343749
_VwL7huAL,33.74107360839844,24.62080974968112
_lcm2s7xy,33.82649230957031,25.288565499441965
_ggUe1Yx1,33.92801575741525,25.207386016845703
_AJgsUSnK,49.01362609863281,2.957787146935096
_VszdiUlG,48.99883722854873,2.676688746402138
_QGWt0Af0,48.98263704978813,2.300407008120888
_X4yJMXrr,34.490971969345864,26.2771224975586
_ZiOcz4ss,34.58300574351165,26.19009017944336
_yELrb2KW,51.646216441009,0.0133514404296875
_4Oc4uqdF,51.49461364746094,-0.1063001478040632
_Y24YfbKv,51.47813415527344,-0.2633007152660411
_dUETO9q3,51.477976653535485,-0.3343963623046875
_p1YvHofj,51.47186279296875,-0.5700271194045854
_XUM63TXM,33.92747497558594,24.497718032525512
_HWs4b2Qj,33.6826171875,24.65903768734056
_iFWFGeUe,41.94273376464844,32.16803117231889
_KpaxUYCa,42.09146118164063,12.299693714488637
_RqNXudpX,42.05319679389566,12.159629644349565
_jqm549E7,41.963816497285485,12.164164698401164
_qoO9fGSV,41.87763977050781,12.200254960493607
_Cv2NOR1c,41.7574504270392,12.171574082485463
_bAAfeuOQ,41.57025146484375,12.216796875
_m6AbGO5U,41.59043884277344,13.202070756392043
_soySkLNN,31.28155517578125,33.19610595703125
_rLirLVVW,31.048370361328125,33.3431827320772
_XkSZSmks,40.384671486030186,32.55261507901278
_81gBZW3B,40.412137306342686,32.44474931196733
_Qey9hwNg,40.97104347358316,29.7690166126598
_FDmU5uB4,41.20458984375,29.3350830078125
_K8UpieOu,41.57615661621094,28.90041004527699
_iG8A1z1O,41.499298095703125,28.723068237304688
_aInsisOi,41.45397638870498,28.723946504814684
_NW4PUDm1,41.21330131918697,28.727312954989348
_GvUBr5JB,41.1074415303893,28.65833629261364
_yBSUVdXp,40.66924531581038,28.74142039905895
_Hvh8kr0k,40.554633706302965,28.99597861550071
_0kzS6DnT,40.654541015625,30.43231201171875
_GnXR8aYy,40.58038330078125,30.8084716796875
_J3ykVFTt,40.442163499735166,31.13718899813565
_KT7z6sR8,40.17306518554688,32.35943603515625
_rCgoYSYo,53.9651230634269,-14.099821202895214
_xImtxvvi,53.95454406738281,-13.859723772321388
_KnCpkISQ,53.25175657110699,-5.011704388786768
_dQzqZkgM,33.05828029826536,31.67240687779018
_91PLHjxd,52.175236071570446,20.85016741071429
_UImyAfsm,52.06718444824219,20.77308654785156
_fFnSR7XG,44.292022705078125,27.00956072126116
_hkIDPshR,43.70417190810381,27.413766043526785
_Fnlvo4DR,48.45319844908633,21.846096641138978
_PLziu49r,50.464627540717686,21.04438575538429
_dGkF5Hl7,50.70867919921875,21.056188634923988
_MdaAPQKu,51.97394419524629,21.13377162388393
_MWAzCYdt,52.10801464016154,21.017551967075896
_TnSknlUX,43.72576904296875,27.12518026662428
_3NRI871m,43.52851867675781,27.68593011900436
_00iwkX9N,43.17403502383474,28.665357317243306
_mywgb2lH,51.4628471762447,-0.560455322265625
_1esTbYJo,51.41331559520656,-0.516815185546875
_wDqtRvTV,51.18977174920551,-0.0014495849609375
_OkkbyCZ5,51.5826416015625,-0.3053159971494779
_HVK16tOp,51.54515075683594,-0.0944972682643765
_dBkekAHe,51.46512823589777,-0.367889404296875
_Y2xsEdRn,31.021270751953125,33.36041618795956
_ta9v4Fw8,31.44781494140625,33.076010311351105
_ii3cpiqQ,60.522491455078125,1.2948713631465518
_X4ctzDog,60.50915734242584,1.6094970703125
_w51jjuxD,49.60935974121094,-11.561086554276358
_oswYmLkv,49.58006286621094,-11.336228220086348
_MPeKnFHj,40.772172313625525,19.554041082208805
_IRYYsyEm,44.72552490234375,-11.507590157645096
_Tuot1mVD,44.54708862304688,-11.180681501116055
_EMTZsusO,33.91291809082031,24.54407361088967
_rJe9RVmw,35.020829540188025,29.39678192138672
_9jXR76gn,35.114446090439614,29.301166534423828
_pDUyeFkf,44.25167277707892,21.38783524676068
_3ASsNxY0,49.41352844238281,3.539639986478365
_kjkhduZc,49.13681806144068,3.183939080489309
_ccfs5rJh,49.04557800292969,2.928560697115384
_cXY1LUJR,51.46517478813559,-0.3433990478515625
_Q9SWEFUA,45.927739547470864,-11.10820770263672
